Year,Date,G#,Week,Age,Tm,Opp,Result,GS,Receiving_Tgt,Receiving_Rec,Receiving_Yds,Receiving_Y/R,Receiving_TD,Receiving_Ctch%,Receiving_Y/Tgt,Rushing_Att,Rushing_Yds,Rushing_Y/A,Rushing_TD,Kick Returns_Rt,Kick Returns_Yds,Kick Returns_Y/Rt,Kick Returns_TD,Scoring_2PM,Scoring_TD,Scoring_Pts,Sk,Tackles_Solo,Tackles_Ast,Tackles_Comb,Tackles_TFL,Tackles_QBHits,Fumbles_Fmb,Fumbles_FL,Fumbles_FF,Fumbles_FR,Fumbles_Yds,Fumbles_TD,Off. Snaps_Num,Off. Snaps_Pct,Def. Snaps_Num,Def. Snaps_Pct,ST Snaps_Num,ST Snaps_Pct,Away_status,Player,Win,Score,Opp Score
2009.0,2009-09-10,1.0,1.0,,TEN,PIT,L 10-13,True,Inactive,Inactive,Inactive,Inactive,Inactive,Inactive,Inactive,Inactive,Inactive,Inactive,Inactive,Inactive,Inactive,Inactive,Inactive,Inactive,Inactive,Inactive,Inactive,Inactive,Inactive,Inactive,Inactive,Inactive,Inactive,Inactive,Inactive,Inactive,Inactive,Inactive,Inactive,Inactive,Inactive,Inactive,Inactive,Inactive,True,Jared Cook,False,10,13
2009.0,2009-09-20,2.0,2.0,22.166,TEN,HOU,L 31-34,False,2,0,0,,0,0.0%,0.00,,,,,,,,,,0,0,0.0,,,,,,0,,,0,0,0,,,,,,,False,Jared Cook,False,31,34
2009.0,2009-09-27,3.0,3.0,22.173,TEN,NYJ,L 17-24,False,1,0,0,,0,0.0%,0.00,,,,,,,,,,0,0,0.0,,,,,,0,,,0,0,0,,,,,,,True,Jared Cook,False,17,24
2009.0,2009-10-04,4.0,4.0,22.18,TEN,JAX,L 17-37,False,3,2,11,5.50,0,66.7%,3.67,0,0,,0,0,0,,0,,0,0,0.0,0,0,0,0,0,0,,0,0,0,0,,,,,,,True,Jared Cook,False,17,37
2009.0,2009-10-11,5.0,5.0,22.187,TEN,IND,L 9-31,False,4,3,27,9.00,0,75.0%,6.75,0,0,,0,0,0,,0,,0,0,0.0,0,0,0,,,0,,0,0,0,0,,,,,,,False,Jared Cook,False,9,31
2009.0,2009-10-18,6.0,6.0,22.194,TEN,NWE,L 0-59,False,,,,,,0.0%,,,,,,,,,,,0,0,0.0,,,,0,0,0,,,0,0,0,,,,,,,True,Jared Cook,False,0,59
2009.0,2009-11-01,7.0,8.0,22.208,TEN,JAX,W 30-13,False,1,1,3,3.00,0,100.0%,3.00,0,0,,0,0,0,,0,,0,0,0.0,0,0,0,,,0,,0,0,0,0,,,,,,,False,Jared Cook,True,30,13
2009.0,2009-11-08,8.0,9.0,22.215,TEN,SFO,W 34-27,False,,,,,,0.0%,,,,,,,,,,,0,0,0.0,,,,,,0,,,0,0,0,,,,,,,True,Jared Cook,True,34,27
2009.0,2009-11-15,9.0,10.0,22.222,TEN,BUF,W 41-17,False,1,1,4,4.00,0,100.0%,4.00,0,0,,0,0,0,,0,,0,0,0.0,0,0,0,0,0,0,,0,0,0,0,,,,,,,False,Jared Cook,True,41,17
2009.0,2009-11-23,10.0,11.0,22.23,TEN,HOU,W 20-17,False,,,,,,0.0%,,,,,,,,,,,0,0,0.0,,,,,,0,,,0,0,0,,,,,,,True,Jared Cook,True,20,17
2009.0,2009-11-29,11.0,12.0,22.236,TEN,ARI,W 20-17,False,2,2,29,14.50,0,100.0%,14.50,0,0,,0,0,0,,0,,0,0,0.0,0,0,0,,,0,,0,0,0,0,,,,,,,False,Jared Cook,True,20,17
2009.0,2009-12-06,12.0,13.0,22.243,TEN,IND,L 17-27,False,,,,,,0.0%,,,,,,,,,,,0,0,0.0,,,,0,0,0,,,0,0,0,,,,,,,True,Jared Cook,False,17,27
2009.0,2009-12-13,13.0,14.0,,TEN,STL,W 47-7,True,Inactive,Inactive,Inactive,Inactive,Inactive,Inactive,Inactive,Inactive,Inactive,Inactive,Inactive,Inactive,Inactive,Inactive,Inactive,Inactive,Inactive,Inactive,Inactive,Inactive,Inactive,Inactive,Inactive,Inactive,Inactive,Inactive,Inactive,Inactive,Inactive,Inactive,Inactive,Inactive,Inactive,Inactive,Inactive,Inactive,False,Jared Cook,True,47,7
2009.0,2009-12-20,14.0,15.0,22.257,TEN,MIA,W 27-24,False,,,,,,0.0%,,,,,,,,,,,0,0,0.0,,,,0,0,0,,,0,0,0,,,,,,,False,Jared Cook,True,27,24
2009.0,2009-12-25,15.0,16.0,22.262,TEN,SDG,L 17-42,False,1,0,0,,0,0.0%,0.00,,,,,,,,,,0,0,0.0,,,,0,0,0,,,0,0,0,,,,,,,False,Jared Cook,False,17,42
2009.0,2010-01-03,16.0,17.0,22.271,TEN,SEA,W 17-13,False,,,,,,0.0%,,,,,,,,,,,0,0,0.0,,,,,,0,,,0,0,0,,,,,,,True,Jared Cook,True,17,13
2010.0,2010-09-12,1.0,1.0,23.158,TEN,OAK,W 38-13,False,1,0,0,,0,0.0%,0.00,,,,,,,,,,0,0,0.0,,,,,,0,,,0,0,0,,,,,,,False,Jared Cook,True,38,13
2010.0,2010-09-19,2.0,2.0,23.165,TEN,PIT,L 11-19,False,1,1,5,5.00,0,100.0%,5.00,0,0,,0,0,0,,0,,0,0,0.0,0,0,0,0,0,0,,0,1,2,0,,,,,,,False,Jared Cook,False,11,19
2010.0,2010-09-26,3.0,3.0,23.172,TEN,NYG,W 29-10,False,,,,,,0.0%,,,,,,,,,,,0,0,0.0,,,,,,0,,,0,0,0,,,,,,,True,Jared Cook,True,29,10
2010.0,2010-10-03,4.0,4.0,23.179,TEN,DEN,L 20-26,False,2,1,17,17.00,0,50.0%,8.50,0,0,,0,0,0,,0,,0,0,0.0,0,0,0,,,0,,0,0,0,0,,,,,,,False,Jared Cook,False,20,26
2010.0,2010-10-10,5.0,5.0,23.186,TEN,DAL,W 34-27,False,0,0,0,,0,0.0%,,0,0,,0,0,0,,0,,0,0,0.0,0,1,1,0,0,0,,0,0,0,0,,,,,,,True,Jared Cook,True,34,27
2010.0,2010-10-18,6.0,6.0,23.194,TEN,JAX,W 30-3,False,0,0,0,,0,0.0%,,0,0,,0,0,0,,0,,0,0,0.0,2,0,2,0,0,0,,0,0,0,0,,,,,,,True,Jared Cook,True,30,3
2010.0,2010-10-24,7.0,7.0,23.2,TEN,PHI,W 37-19,False,0,0,0,,0,0.0%,,0,0,,0,1,3,3.00,0,,0,0,0.0,0,0,0,,,0,,0,0,0,0,,,,,,,False,Jared Cook,True,37,19
2010.0,2010-10-31,8.0,8.0,23.207,TEN,SDG,L 25-33,False,2,1,36,36.00,0,50.0%,18.00,0,0,,0,0,0,,0,,0,0,0.0,0,0,0,,,0,,0,0,0,0,,,,,,,True,Jared Cook,False,25,33
2010.0,2010-11-14,9.0,10.0,23.221,TEN,MIA,L 17-29,False,0,0,0,,0,0.0%,,0,0,,0,0,0,,0,,0,0,0.0,1,0,1,0,0,0,,0,0,0,0,,,,,,,True,Jared Cook,False,17,29
2010.0,2010-11-21,10.0,11.0,23.228,TEN,WAS,L 16-19,False,2,2,11,5.50,0,100.0%,5.50,0,0,,0,0,0,,0,,0,0,0.0,0,0,0,,,0,,0,0,0,0,,,,,,,False,Jared Cook,False,16,19
2010.0,2010-11-28,11.0,12.0,23.235,TEN,HOU,L 0-20,False,9,4,40,10.00,0,44.4%,4.44,0,0,,0,0,0,,0,,0,0,0.0,0,0,0,,,0,,0,0,0,0,,,,,,,True,Jared Cook,False,0,20
2010.0,2010-12-05,12.0,13.0,23.242,TEN,JAX,L 6-17,False,6,4,47,11.75,0,66.7%,7.83,0,0,,0,0,0,,0,,0,0,0.0,0,0,0,0,0,0,,0,0,0,0,,,,,,,False,Jared Cook,False,6,17
2010.0,2010-12-09,13.0,14.0,23.246,TEN,IND,L 28-30,False,1,1,9,9.00,0,100.0%,9.00,0,0,,0,0,0,,0,,0,0,0.0,0,0,0,,,0,,0,0,0,0,,,,,,,False,Jared Cook,False,28,30
2010.0,2010-12-19,14.0,15.0,23.256,TEN,HOU,W 31-17,True,3,3,42,14.00,0,100.0%,14.00,0,0,,0,0,0,,0,,0,0,0.0,1,0,1,0,0,0,,0,0,0,0,,,,,,,False,Jared Cook,True,31,17
2010.0,2010-12-26,15.0,16.0,23.263,TEN,KAN,L 14-34,False,9,5,96,19.20,1,55.6%,10.67,0,0,,0,0,0,,0,,1,6,0.0,0,0,0,,,0,,0,0,0,0,,,,,,,True,Jared Cook,False,14,34
2010.0,2011-01-02,16.0,17.0,23.27,TEN,IND,L 20-23,False,9,7,58,8.29,0,77.8%,6.44,0,0,,0,0,0,,0,,0,0,0.0,0,0,0,,,0,,0,0,0,0,,,,,,,True,Jared Cook,False,20,23
2011.0,2011-09-11,1.0,1.0,24.157,TEN,JAX,L 14-16,True,2,1,7,7.00,0,50.0%,3.50,0,0,,0,0,0,,0,,0,0,0.0,1,0,1,0,0,0,,0,0,0,0,,,,,,,True,Jared Cook,False,14,16
2011.0,2011-09-18,2.0,2.0,24.164,TEN,BAL,W 26-13,False,3,2,37,18.50,0,66.7%,12.33,0,0,,0,0,0,,0,,0,0,0.0,0,0,0,,,0,,0,0,0,0,,,,,,,False,Jared Cook,True,26,13
2011.0,2011-09-25,3.0,3.0,24.171,TEN,DEN,W 17-14,False,2,2,12,6.00,0,100.0%,6.00,0,0,,0,0,0,,0,,0,0,0.0,1,0,1,0,0,0,,0,0,0,0,,,,,,,False,Jared Cook,True,17,14
2011.0,2011-10-02,4.0,4.0,24.178,TEN,CLE,W 31-13,False,6,2,93,46.50,1,33.3%,15.50,0,0,,0,0,0,,0,,1,6,0.0,0,0,0,,,0,,0,0,0,0,,,,,,,True,Jared Cook,True,31,13
2011.0,2011-10-09,5.0,5.0,24.185,TEN,PIT,L 17-38,False,9,4,59,14.75,0,44.4%,6.56,0,0,,0,0,0,,0,,0,0,0.0,0,0,0,,,0,,0,0,0,0,,,,,,,True,Jared Cook,False,17,38
2011.0,2011-10-23,6.0,7.0,24.199,TEN,HOU,L 7-41,False,2,2,22,11.00,1,100.0%,11.00,0,0,,0,0,0,,0,,1,6,0.0,0,0,0,,,0,,0,0,0,0,,,,,,,False,Jared Cook,False,7,41
2011.0,2011-10-30,7.0,8.0,24.206,TEN,IND,W 27-10,False,2,2,40,20.00,0,100.0%,20.00,0,0,,0,0,0,,0,,0,0,0.0,0,0,0,,,0,,0,0,0,0,,,,,,,False,Jared Cook,True,27,10
2011.0,2011-11-06,8.0,9.0,24.213,TEN,CIN,L 17-24,False,8,4,47,11.75,0,50.0%,5.88,0,0,,0,0,0,,0,,0,0,0.0,0,0,0,0,0,1,1,0,0,0,0,,,,,,,False,Jared Cook,False,17,24
2011.0,2011-11-13,9.0,10.0,24.22,TEN,CAR,W 30-3,False,3,1,18,18.00,0,33.3%,6.00,0,0,,0,0,0,,0,,0,0,0.0,0,0,0,,,0,,0,0,0,0,,,,,,,True,Jared Cook,True,30,3
2011.0,2011-11-20,10.0,11.0,24.227,TEN,ATL,L 17-23,False,9,5,51,10.20,0,55.6%,5.67,0,0,,0,0,0,,0,,0,0,0.0,0,0,0,,,0,,0,0,0,0,,,,,,,True,Jared Cook,False,17,23
2011.0,2011-11-27,11.0,12.0,24.234,TEN,TAM,W 23-17,True,7,3,38,12.67,0,42.9%,5.43,0,0,,0,0,0,,0,,0,0,0.0,0,0,0,,,0,,0,0,0,0,,,,,,,False,Jared Cook,True,23,17
2011.0,2011-12-04,12.0,13.0,24.241,TEN,BUF,W 23-17,False,1,0,0,,0,0.0%,0.00,0,0,,0,0,0,,0,,0,0,0.0,1,0,1,0,0,0,,0,0,0,0,,,,,,,True,Jared Cook,True,23,17
2011.0,2011-12-11,13.0,14.0,24.248,TEN,NOR,L 17-22,True,1,0,0,,0,0.0%,0.00,0,0,,0,0,0,,0,,0,0,0.0,0,0,0,,,0,,0,0,0,0,,,,,,,False,Jared Cook,False,17,22
2011.0,2011-12-18,14.0,15.0,24.255,TEN,IND,L 13-27,False,11,9,103,11.44,0,81.8%,9.36,0,0,,0,0,0,,0,,0,0,0.0,0,0,0,0,0,1,1,0,0,0,0,,,,,,,True,Jared Cook,False,13,27
2011.0,2011-12-24,15.0,16.0,24.261,TEN,JAX,W 23-17,True,8,8,169,21.13,1,100.0%,21.13,0,0,,0,0,0,,0,,1,6,0.0,0,0,0,,,0,,0,0,0,0,,,,,,,False,Jared Cook,True,23,17
2011.0,2012-01-01,16.0,17.0,24.269,TEN,HOU,W 23-22,True,7,4,63,15.75,0,57.1%,9.00,0,0,,0,0,0,,0,,0,0,0.0,0,0,0,,,0,,0,0,0,0,,,,,,,True,Jared Cook,True,23,22
2012.0,2012-09-09,1.0,1.0,25.155,TEN,NWE,L 13-34,True,6,4,64,16.00,0,66.7%,10.67,0,0,,0,0,0,,0,,0,0,0.0,0,0,0,,,0,0,0,0,0,0,60,92%,0,0%,2,7%,False,Jared Cook,False,13,34
2012.0,2012-09-16,2.0,2.0,25.162,TEN,SDG,L 10-38,True,6,3,23,7.67,0,50.0%,3.83,0,0,,0,0,0,,0,,0,0,0.0,0,0,0,0,0,0,0,0,0,0,0,34,85%,0,0%,3,10%,True,Jared Cook,False,10,38
2012.0,2012-09-23,3.0,3.0,25.169,TEN,DET,W 44-41,True,4,4,77,19.25,1,100.0%,19.25,0,0,,0,0,0,,0,,1,6,0.0,0,0,0,,,0,0,0,0,0,0,18,29%,0,0%,1,3%,False,Jared Cook,True,44,41
2012.0,2012-09-30,4.0,4.0,25.176,TEN,HOU,L 14-38,False,4,3,36,12.00,0,75.0%,9.00,0,0,,0,0,0,,0,,0,0,0.0,0,0,0,,,0,0,0,0,0,0,24,39%,0,0%,0,0%,True,Jared Cook,False,14,38
2012.0,2012-10-07,5.0,5.0,25.183,TEN,MIN,L 7-30,False,8,5,37,7.40,1,62.5%,4.63,0,0,,0,0,0,,0,,1,6,0.0,0,0,0,,,0,0,0,0,0,0,43,61%,0,0%,0,0%,True,Jared Cook,False,7,30
2012.0,2012-10-11,6.0,6.0,25.187,TEN,PIT,W 26-23,False,4,4,54,13.50,0,100.0%,13.50,0,0,,0,0,0,,0,,0,0,0.0,0,0,0,,,0,0,0,0,0,0,44,62%,0,0%,0,0%,False,Jared Cook,True,26,23
2012.0,2012-10-21,7.0,7.0,25.197,TEN,BUF,W 35-34,False,5,2,37,18.50,0,40.0%,7.40,0,0,,0,0,0,,0,,0,0,0.0,0,0,0,,,0,0,0,0,0,0,31,48%,0,0%,0,0%,True,Jared Cook,True,35,34
2012.0,2012-10-28,8.0,8.0,25.204,TEN,IND,L 13-19,False,4,3,45,15.00,0,75.0%,11.25,0,0,,0,0,0,,0,,0,0,0.0,0,0,0,,,0,0,0,0,0,0,25,42%,0,0%,0,0%,False,Jared Cook,False,13,19
2012.0,2012-11-04,9.0,9.0,25.211,TEN,CHI,L 20-51,True,5,2,6,3.00,0,40.0%,1.20,0,0,,0,0,0,,0,,0,0,0.0,0,0,0,,,1,1,0,0,0,0,35,61%,0,0%,0,0%,False,Jared Cook,False,20,51
2012.0,2012-11-11,10.0,10.0,25.218,TEN,MIA,W 37-3,False,3,1,26,26.00,1,33.3%,8.67,0,0,,0,0,0,,0,,1,6,0.0,0,0,0,,,0,0,0,0,0,0,23,38%,0,0%,4,14%,True,Jared Cook,True,37,3
2012.0,2012-11-25,11.0,12.0,25.232,TEN,JAX,L 19-24,False,9,6,47,7.83,0,66.7%,5.22,0,0,,0,0,0,,0,,0,0,0.0,0,0,0,,,0,0,0,0,0,0,46,65%,0,0%,5,17%,True,Jared Cook,False,19,24
2012.0,2012-12-02,12.0,13.0,25.239,TEN,HOU,L 10-24,True,12,4,51,12.75,0,33.3%,4.25,0,0,,0,0,0,,0,,0,0,0.0,0,0,0,,,0,0,0,0,0,0,64,85%,0,0%,0,0%,False,Jared Cook,False,10,24
2012.0,2012-12-09,13.0,14.0,25.246,TEN,IND,L 23-27,False,3,3,20,6.67,1,100.0%,6.67,0,0,,0,0,0,,0,,1,6,0.0,0,0,0,,,0,0,0,0,0,0,23,35%,0,0%,0,0%,True,Jared Cook,False,23,27
2012.0,2012-12-17,14.0,15.0,,TEN,NYJ,W 14-10,True,Injured Reserve,Injured Reserve,Injured Reserve,Injured Reserve,Injured Reserve,Injured Reserve,Injured Reserve,Injured Reserve,Injured Reserve,Injured Reserve,Injured Reserve,Injured Reserve,Injured Reserve,Injured Reserve,Injured Reserve,Injured Reserve,Injured Reserve,Injured Reserve,Injured Reserve,Injured Reserve,Injured Reserve,Injured Reserve,Injured Reserve,Injured Reserve,Injured Reserve,Injured Reserve,Injured Reserve,Injured Reserve,Injured Reserve,Injured Reserve,Injured Reserve,Injured Reserve,Injured Reserve,Injured Reserve,Injured Reserve,Injured Reserve,False,Jared Cook,True,14,10
2012.0,2012-12-23,15.0,16.0,,TEN,GNB,L 7-55,True,Injured Reserve,Injured Reserve,Injured Reserve,Injured Reserve,Injured Reserve,Injured Reserve,Injured Reserve,Injured Reserve,Injured Reserve,Injured Reserve,Injured Reserve,Injured Reserve,Injured Reserve,Injured Reserve,Injured Reserve,Injured Reserve,Injured Reserve,Injured Reserve,Injured Reserve,Injured Reserve,Injured Reserve,Injured Reserve,Injured Reserve,Injured Reserve,Injured Reserve,Injured Reserve,Injured Reserve,Injured Reserve,Injured Reserve,Injured Reserve,Injured Reserve,Injured Reserve,Injured Reserve,Injured Reserve,Injured Reserve,Injured Reserve,True,Jared Cook,False,7,55
2012.0,2012-12-30,16.0,17.0,,TEN,JAX,W 38-20,True,Injured Reserve,Injured Reserve,Injured Reserve,Injured Reserve,Injured Reserve,Injured Reserve,Injured Reserve,Injured Reserve,Injured Reserve,Injured Reserve,Injured Reserve,Injured Reserve,Injured Reserve,Injured Reserve,Injured Reserve,Injured Reserve,Injured Reserve,Injured Reserve,Injured Reserve,Injured Reserve,Injured Reserve,Injured Reserve,Injured Reserve,Injured Reserve,Injured Reserve,Injured Reserve,Injured Reserve,Injured Reserve,Injured Reserve,Injured Reserve,Injured Reserve,Injured Reserve,Injured Reserve,Injured Reserve,Injured Reserve,Injured Reserve,False,Jared Cook,True,38,20
2013.0,2013-09-08,1.0,1.0,26.154,STL,ARI,W 27-24,True,10,7,141,20.14,2,70.0%,14.10,0,0,,0,0,0,,0,,2,12,0.0,0,0,0,,,1,1,0,0,0,0,61,91%,0,0%,0,0%,False,Jared Cook,True,27,24
2013.0,2013-09-15,2.0,2.0,26.161,STL,ATL,L 24-31,True,6,1,10,10.00,0,16.7%,1.67,0,0,,0,0,0,,0,,0,0,0.0,0,0,0,,,0,0,0,0,0,0,59,77%,0,0%,0,0%,True,Jared Cook,False,24,31
2013.0,2013-09-22,3.0,3.0,26.168,STL,DAL,L 7-31,True,7,5,44,8.80,0,71.4%,6.29,0,0,,0,0,0,,0,,0,0,0.0,0,0,0,,,0,0,0,0,0,0,53,76%,0,0%,0,0%,True,Jared Cook,False,7,31
2013.0,2013-09-26,4.0,4.0,26.172,STL,SFO,L 11-35,True,9,4,45,11.25,0,44.4%,5.00,0,0,,0,0,0,,0,,0,0,0.0,0,0,0,,,0,0,0,0,0,0,56,84%,0,0%,0,0%,False,Jared Cook,False,11,35
2013.0,2013-10-06,5.0,5.0,26.182,STL,JAX,W 34-20,True,3,3,26,8.67,0,100.0%,8.67,0,0,,0,0,0,,0,,0,0,0.0,0,0,0,,,0,0,0,0,0,0,39,53%,0,0%,0,0%,False,Jared Cook,True,34,20
2013.0,2013-10-13,6.0,6.0,26.189,STL,HOU,W 38-13,False,2,2,45,22.50,0,100.0%,22.50,0,0,,0,0,0,,0,,0,0,0.0,0,0,0,,,0,0,0,0,0,0,26,62%,0,0%,1,4%,True,Jared Cook,True,38,13
2013.0,2013-10-20,7.0,7.0,26.196,STL,CAR,L 15-30,False,7,4,33,8.25,0,57.1%,4.71,0,0,,0,0,0,,0,,0,0,0.0,0,0,0,,,0,0,0,0,0,0,36,59%,0,0%,0,0%,True,Jared Cook,False,15,30
2013.0,2013-10-28,8.0,8.0,26.204,STL,SEA,L 9-14,True,6,3,31,10.33,0,50.0%,5.17,0,0,,0,0,0,,0,,0,0,0.0,0,0,0,,,0,0,0,0,0,0,50,66%,0,0%,0,0%,False,Jared Cook,False,9,14
2013.0,2013-11-03,9.0,9.0,26.21,STL,TEN,L 21-28,True,6,3,36,12.00,1,50.0%,6.00,0,0,,0,0,0,,0,,1,6,0.0,0,0,0,,,0,0,0,0,0,0,51,73%,1,2%,0,0%,False,Jared Cook,False,21,28
2013.0,2013-11-10,10.0,10.0,26.217,STL,IND,W 38-8,True,2,1,17,17.00,0,50.0%,8.50,0,0,,0,0,0,,0,,0,0,0.0,0,0,0,0,0,0,0,0,0,0,0,49,89%,0,0%,1,4%,True,Jared Cook,True,38,8
2013.0,2013-11-24,11.0,12.0,26.231,STL,CHI,W 42-21,True,5,4,80,20.00,1,80.0%,16.00,0,0,,0,0,0,,0,,1,6,0.0,0,0,0,,,0,0,0,0,0,0,32,57%,0,0%,0,0%,False,Jared Cook,True,42,21
2013.0,2013-12-01,12.0,13.0,26.238,STL,SFO,L 13-23,True,6,3,49,16.33,0,50.0%,8.17,0,0,,0,0,0,,0,,0,0,0.0,0,0,0,,,0,0,0,0,0,0,49,71%,0,0%,0,0%,True,Jared Cook,False,13,23
2013.0,2013-12-08,13.0,14.0,26.245,STL,ARI,L 10-30,False,6,3,49,16.33,0,50.0%,8.17,0,0,,0,0,0,,0,,0,0,0.0,0,0,0,,,0,0,0,0,0,0,37,69%,0,0%,0,0%,True,Jared Cook,False,10,30
2013.0,2013-12-15,14.0,15.0,26.252,STL,NOR,W 27-16,True,1,1,8,8.00,0,100.0%,8.00,0,0,,0,0,0,,0,,0,0,0.0,0,0,0,,,0,0,0,0,0,0,47,87%,0,0%,1,4%,False,Jared Cook,True,27,16
2013.0,2013-12-22,15.0,16.0,26.259,STL,TAM,W 23-13,True,2,2,27,13.50,0,100.0%,13.50,0,0,,0,0,0,,0,,0,0,0.0,0,0,0,,,0,0,0,0,0,0,34,56%,0,0%,0,0%,False,Jared Cook,True,23,13
2013.0,2013-12-29,16.0,17.0,26.266,STL,SEA,L 9-27,True,7,5,30,6.00,1,71.4%,4.29,0,0,,0,0,0,,0,,1,6,0.0,0,0,0,,,0,0,0,0,0,0,39,74%,0,0%,0,0%,True,Jared Cook,False,9,27
2014.0,2014-09-07,1.0,1.0,27.153,STL,MIN,L 6-34,False,8,4,56,14.00,0,50.0%,7.00,0,0,,0,0,0,,0,,0,0,0.0,0,0,0,,,0,0,0,0,0,0,47,70%,0,0%,0,0%,False,Jared Cook,False,6,34
2014.0,2014-09-14,2.0,2.0,27.16,STL,TAM,W 19-17,True,4,4,46,11.50,0,100.0%,11.50,0,0,,0,0,0,,0,,0,0,0.0,0,0,0,,,0,0,0,0,0,0,38,62%,0,0%,1,4%,True,Jared Cook,True,19,17
2014.0,2014-09-21,3.0,3.0,27.167,STL,DAL,L 31-34,True,9,7,75,10.71,0,77.8%,8.33,1,0,0.00,0,0,0,,0,,0,0,0.0,0,0,0,,,0,0,0,0,0,0,58,77%,0,0%,0,0%,False,Jared Cook,False,31,34
2014.0,2014-10-05,4.0,5.0,27.181,STL,PHI,L 28-34,True,10,4,44,11.00,0,40.0%,4.40,0,0,,0,0,0,,0,,0,0,0.0,0,0,0,,,0,0,0,0,0,0,63,81%,0,0%,0,0%,True,Jared Cook,False,28,34
2014.0,2014-10-13,5.0,6.0,27.189,STL,SFO,L 17-31,True,11,4,74,18.50,0,36.4%,6.73,0,0,,0,0,0,,0,,0,0,0.0,0,0,0,,,0,0,0,0,0,0,61,82%,0,0%,0,0%,False,Jared Cook,False,17,31
2014.0,2014-10-19,6.0,7.0,27.195,STL,SEA,W 28-26,False,3,3,25,8.33,0,100.0%,8.33,0,0,,0,0,0,,0,,0,0,0.0,0,0,0,,,0,0,0,0,0,0,36,73%,0,0%,0,0%,False,Jared Cook,True,28,26
2014.0,2014-10-26,7.0,8.0,27.202,STL,KAN,L 7-34,False,3,1,11,11.00,0,33.3%,3.67,0,0,,0,0,0,,0,,0,0,0.0,0,0,0,,,0,0,0,0,0,0,38,73%,0,0%,0,0%,True,Jared Cook,False,7,34
2014.0,2014-11-02,8.0,9.0,27.209,STL,SFO,W 13-10,False,5,2,12,6.00,0,40.0%,2.40,0,0,,0,0,0,,0,,0,0,0.0,0,0,0,,,0,0,0,0,0,0,40,73%,0,0%,0,0%,True,Jared Cook,True,13,10
2014.0,2014-11-09,9.0,10.0,27.216,STL,ARI,L 14-31,True,3,2,84,42.00,1,66.7%,28.00,0,0,,0,0,0,,0,,1,6,0.0,0,0,0,,,0,0,0,0,0,0,46,74%,0,0%,0,0%,True,Jared Cook,False,14,31
2014.0,2014-11-16,10.0,11.0,27.223,STL,DEN,W 22-7,False,5,3,19,6.33,0,60.0%,3.80,0,0,,0,0,0,,0,,0,0,0.0,0,0,0,,,0,0,0,0,0,0,37,57%,0,0%,0,0%,False,Jared Cook,True,22,7
2014.0,2014-11-23,11.0,12.0,27.23,STL,SDG,L 24-27,True,9,3,27,9.00,0,33.3%,3.00,0,0,,0,0,0,,0,,0,0,0.0,0,0,0,0,0,0,0,0,0,0,0,37,58%,0,0%,0,0%,True,Jared Cook,False,24,27
2014.0,2014-11-30,12.0,13.0,27.237,STL,OAK,W 52-0,False,1,0,0,,0,0.0%,0.00,0,0,,0,0,0,,0,,0,0,0.0,0,0,0,,,0,0,0,0,0,0,29,57%,0,0%,0,0%,False,Jared Cook,True,52,0
2014.0,2014-12-07,13.0,14.0,27.244,STL,WAS,W 24-0,False,5,4,61,15.25,2,80.0%,12.20,0,0,,0,0,0,,0,,2,12,0.0,0,0,0,,,0,0,0,0,0,0,30,48%,0,0%,0,0%,True,Jared Cook,True,24,0
2014.0,2014-12-11,14.0,15.0,27.248,STL,ARI,L 6-12,False,9,3,22,7.33,0,33.3%,2.44,0,0,,0,0,0,,0,,0,0,0.0,0,0,0,,,0,0,0,0,0,0,46,73%,0,0%,0,0%,False,Jared Cook,False,6,12
2014.0,2014-12-21,15.0,16.0,27.258,STL,NYG,L 27-37,False,7,5,41,8.20,0,71.4%,5.86,0,0,,0,0,0,,0,,0,0,0.0,0,0,0,,,0,0,0,0,0,0,38,62%,0,0%,1,3%,False,Jared Cook,False,27,37
2014.0,2014-12-28,16.0,17.0,27.265,STL,SEA,L 6-20,False,7,3,37,12.33,0,42.9%,5.29,0,0,,0,0,0,,0,,0,0,0.0,0,0,0,,,0,0,0,0,0,0,40,65%,0,0%,0,0%,True,Jared Cook,False,6,20
2015.0,2015-09-13,1.0,1.0,28.159,STL,SEA,W 34-31,True,6,5,85,17.00,0,83.3%,14.17,0,0,,0,0,0,,0,,0,0,0.0,0,0,0,,,0,0,0,0,0,0,50,86%,0,0%,0,0%,False,Jared Cook,True,34,31
2015.0,2015-09-20,2.0,2.0,28.166,STL,WAS,L 10-24,True,7,5,47,9.40,0,71.4%,6.71,0,0,,0,0,0,,0,,0,0,0.0,0,0,0,,,0,0,0,0,0,0,37,71%,0,0%,0,0%,True,Jared Cook,False,10,24
2015.0,2015-09-27,3.0,3.0,28.173,STL,PIT,L 6-12,True,3,1,7,7.00,0,33.3%,2.33,0,0,,0,0,0,,0,,0,0,0.0,0,0,0,0,0,0,0,0,0,0,0,42,84%,0,0%,0,0%,False,Jared Cook,False,6,12
2015.0,2015-10-04,4.0,4.0,28.18,STL,ARI,W 24-22,True,6,3,22,7.33,0,50.0%,3.67,0,0,,0,0,0,,0,,0,0,0.0,0,0,0,,,0,0,0,0,0,0,40,75%,0,0%,0,0%,True,Jared Cook,True,24,22
2015.0,2015-10-11,5.0,5.0,28.187,STL,GNB,L 10-24,False,6,1,8,8.00,0,16.7%,1.33,0,0,,0,0,0,,0,,0,0,0.0,0,0,0,0,0,0,0,0,0,0,0,53,76%,0,0%,0,0%,True,Jared Cook,False,10,24
2015.0,2015-10-25,6.0,7.0,28.201,STL,CLE,W 24-6,True,4,2,19,9.50,0,50.0%,4.75,0,0,,0,0,0,,0,,0,0,0.0,0,0,0,,,1,1,0,0,0,0,49,92%,0,0%,0,0%,False,Jared Cook,True,24,6
2015.0,2015-11-01,7.0,8.0,28.208,STL,SFO,W 27-6,True,3,2,57,28.50,0,66.7%,19.00,0,0,,0,0,0,,0,1,0,2,0.0,0,0,0,,,0,0,0,0,0,0,38,55%,0,0%,0,0%,False,Jared Cook,True,27,6
2015.0,2015-11-08,8.0,9.0,28.215,STL,MIN,L 18-21,True,3,1,10,10.00,0,33.3%,3.33,0,0,,0,0,0,,0,,0,0,0.0,0,0,0,,,0,0,0,0,0,0,54,73%,0,0%,0,0%,True,Jared Cook,False,18,21
2015.0,2015-11-15,9.0,10.0,28.222,STL,CHI,L 13-37,True,3,2,35,17.50,0,66.7%,11.67,0,0,,0,0,0,,0,,0,0,0.0,0,0,0,,,0,0,0,0,0,0,47,75%,0,0%,0,0%,False,Jared Cook,False,13,37
2015.0,2015-11-22,10.0,11.0,28.229,STL,BAL,L 13-16,True,6,4,31,7.75,0,66.7%,5.17,0,0,,0,0,0,,0,,0,0,0.0,0,0,0,,,0,0,0,0,0,0,44,72%,0,0%,0,0%,True,Jared Cook,False,13,16
2015.0,2015-11-29,11.0,12.0,28.236,STL,CIN,L 7-31,False,6,4,58,14.50,0,66.7%,9.67,0,0,,0,0,0,,0,,0,0,0.0,0,0,0,,,0,0,0,0,0,0,46,63%,0,0%,0,0%,True,Jared Cook,False,7,31
2015.0,2015-12-06,12.0,13.0,28.243,STL,ARI,L 3-27,False,9,3,22,7.33,0,33.3%,2.44,0,0,,0,0,0,,0,,0,0,0.0,0,0,0,0,0,1,0,0,1,0,0,40,80%,0,0%,1,4%,False,Jared Cook,False,3,27
2015.0,2015-12-13,13.0,14.0,28.25,STL,DET,W 21-14,True,1,1,11,11.00,0,100.0%,11.00,0,0,,0,0,0,,0,,0,0,0.0,0,0,0,,,0,0,0,0,0,0,35,64%,0,0%,1,4%,False,Jared Cook,True,21,14
2015.0,2015-12-17,14.0,15.0,28.254,STL,TAM,W 31-23,False,6,4,64,16.00,0,66.7%,10.67,0,0,,0,0,0,,0,,0,0,0.0,0,0,0,,,0,0,0,0,0,0,24,46%,0,0%,1,3%,False,Jared Cook,True,31,23
2015.0,2015-12-27,15.0,16.0,28.264,STL,SEA,W 23-17,True,2,1,5,5.00,0,50.0%,2.50,0,0,,0,0,0,,0,,0,0,0.0,0,0,0,,,0,0,0,0,0,0,35,64%,0,0%,1,4%,True,Jared Cook,True,23,17
2015.0,2016-01-03,16.0,17.0,28.271,STL,SFO,L 16-19,True,4,0,0,,0,0.0%,0.00,0,0,,0,0,0,,0,,0,0,0.0,0,0,0,,,0,0,0,0,0,0,38,54%,0,0%,0,0%,True,Jared Cook,False,16,19
2016.0,2016-09-11,1.0,1.0,29.157,GNB,JAX,W 27-23,True,2,1,7,7.00,0,50.0%,3.50,0,0,,0,0,0,,0,,0,0,0.0,0,0,0,,,0,0,0,0,0,0,33,52%,0,0%,5,18%,True,Jared Cook,True,27,23
2016.0,2016-09-18,2.0,2.0,29.164,GNB,MIN,L 14-17,True,6,4,31,7.75,0,66.7%,5.17,0,0,,0,0,0,,0,,0,0,0.0,0,0,0,0,0,0,0,0,1,0,0,46,65%,0,0%,0,0%,True,Jared Cook,False,14,17
2016.0,2016-09-25,3.0,3.0,29.171,GNB,DET,W 34-27,False,3,1,15,15.00,0,33.3%,5.00,0,0,,0,0,0,,0,,0,0,0.0,0,0,0,,,0,0,0,0,0,0,14,26%,0,0%,0,0%,False,Jared Cook,True,34,27
2016.0,2016-10-09,4.0,5.0,,GNB,NYG,W 23-16,True,Inactive,Inactive,Inactive,Inactive,Inactive,Inactive,Inactive,Inactive,Inactive,Inactive,Inactive,Inactive,Inactive,Inactive,Inactive,Inactive,Inactive,Inactive,Inactive,Inactive,Inactive,Inactive,Inactive,Inactive,Inactive,Inactive,Inactive,Inactive,Inactive,Inactive,Inactive,Inactive,Inactive,Inactive,Inactive,Inactive,False,Jared Cook,True,23,16
2016.0,2016-10-16,5.0,6.0,,GNB,DAL,L 16-30,True,Inactive,Inactive,Inactive,Inactive,Inactive,Inactive,Inactive,Inactive,Inactive,Inactive,Inactive,Inactive,Inactive,Inactive,Inactive,Inactive,Inactive,Inactive,Inactive,Inactive,Inactive,Inactive,Inactive,Inactive,Inactive,Inactive,Inactive,Inactive,Inactive,Inactive,Inactive,Inactive,Inactive,Inactive,Inactive,Inactive,False,Jared Cook,False,16,30
2016.0,2016-10-20,6.0,7.0,,GNB,CHI,W 26-10,True,Inactive,Inactive,Inactive,Inactive,Inactive,Inactive,Inactive,Inactive,Inactive,Inactive,Inactive,Inactive,Inactive,Inactive,Inactive,Inactive,Inactive,Inactive,Inactive,Inactive,Inactive,Inactive,Inactive,Inactive,Inactive,Inactive,Inactive,Inactive,Inactive,Inactive,Inactive,Inactive,Inactive,Inactive,Inactive,Inactive,False,Jared Cook,True,26,10
2016.0,2016-10-30,7.0,8.0,,GNB,ATL,L 32-33,True,Inactive,Inactive,Inactive,Inactive,Inactive,Inactive,Inactive,Inactive,Inactive,Inactive,Inactive,Inactive,Inactive,Inactive,Inactive,Inactive,Inactive,Inactive,Inactive,Inactive,Inactive,Inactive,Inactive,Inactive,Inactive,Inactive,Inactive,Inactive,Inactive,Inactive,Inactive,Inactive,Inactive,Inactive,Inactive,Inactive,True,Jared Cook,False,32,33
2016.0,2016-11-06,8.0,9.0,,GNB,IND,L 26-31,True,Inactive,Inactive,Inactive,Inactive,Inactive,Inactive,Inactive,Inactive,Inactive,Inactive,Inactive,Inactive,Inactive,Inactive,Inactive,Inactive,Inactive,Inactive,Inactive,Inactive,Inactive,Inactive,Inactive,Inactive,Inactive,Inactive,Inactive,Inactive,Inactive,Inactive,Inactive,Inactive,Inactive,Inactive,Inactive,Inactive,False,Jared Cook,False,26,31
2016.0,2016-11-13,9.0,10.0,,GNB,TEN,L 25-47,True,Inactive,Inactive,Inactive,Inactive,Inactive,Inactive,Inactive,Inactive,Inactive,Inactive,Inactive,Inactive,Inactive,Inactive,Inactive,Inactive,Inactive,Inactive,Inactive,Inactive,Inactive,Inactive,Inactive,Inactive,Inactive,Inactive,Inactive,Inactive,Inactive,Inactive,Inactive,Inactive,Inactive,Inactive,Inactive,Inactive,True,Jared Cook,False,25,47
2016.0,2016-11-20,10.0,11.0,29.227,GNB,WAS,L 24-42,True,11,6,105,17.50,1,54.5%,9.55,0,0,,0,0,0,,0,,1,6,0.0,0,0,0,0,0,1,1,0,0,0,0,42,62%,0,0%,1,3%,True,Jared Cook,False,24,42
2016.0,2016-11-28,11.0,12.0,29.235,GNB,PHI,W 27-13,False,2,1,7,7.00,0,50.0%,3.50,0,0,,0,0,0,,0,,0,0,0.0,0,0,0,,,0,0,0,0,0,0,33,46%,0,0%,1,5%,True,Jared Cook,True,27,13
2016.0,2016-12-04,12.0,13.0,29.241,GNB,HOU,W 21-13,True,4,3,19,6.33,0,75.0%,4.75,0,0,,0,0,0,,0,,0,0,0.0,0,0,0,0,0,0,0,0,0,0,0,29,50%,0,0%,1,5%,False,Jared Cook,True,21,13
2016.0,2016-12-11,13.0,14.0,29.248,GNB,SEA,W 38-10,True,2,1,15,15.00,0,50.0%,7.50,0,0,,0,0,0,,0,,0,0,0.0,0,0,0,,,0,0,0,0,0,0,16,27%,0,0%,0,0%,False,Jared Cook,True,38,10
2016.0,2016-12-18,14.0,15.0,29.255,GNB,CHI,W 30-27,False,8,6,85,14.17,0,75.0%,10.63,0,0,,0,0,0,,0,,0,0,0.0,0,0,0,,,0,0,0,0,0,0,40,66%,0,0%,0,0%,True,Jared Cook,True,30,27
2016.0,2016-12-24,15.0,16.0,29.261,GNB,MIN,W 38-25,False,5,3,37,12.33,0,60.0%,7.40,0,0,,0,0,0,,0,,0,0,0.0,0,0,0,,,0,0,0,0,0,0,35,59%,0,0%,2,6%,False,Jared Cook,True,38,25
2016.0,2017-01-01,16.0,17.0,29.269,GNB,DET,W 31-24,False,8,4,56,14.00,0,50.0%,7.00,0,0,,0,0,0,,0,,0,0,0.0,0,0,0,,,0,0,0,0,0,0,40,53%,0,0%,2,7%,True,Jared Cook,True,31,24
2017.0,2017-09-10,1.0,1.0,30.156,OAK,TEN,W 26-16,True,5,5,56,11.20,0,100.0%,11.20,0,0,,0,0,0,,0,,0,0,0.0,0,0,0,,,0,0,0,0,0,0,47,71%,0,0%,0,0%,True,Jared Cook,True,26,16
2017.0,2017-09-17,2.0,2.0,30.163,OAK,NYJ,W 45-20,True,6,4,25,6.25,0,66.7%,4.17,0,0,,0,0,0,,0,,0,0,0.0,0,0,0,,,0,0,0,0,0,0,45,79%,0,0%,1,3%,False,Jared Cook,True,45,20
2017.0,2017-09-24,3.0,3.0,30.17,OAK,WAS,L 10-27,True,6,4,43,10.75,1,66.7%,7.17,0,0,,0,0,0,,0,,1,6,0.0,0,0,0,,,0,0,0,0,0,0,41,80%,0,0%,0,0%,True,Jared Cook,False,10,27
2017.0,2017-10-01,4.0,4.0,30.177,OAK,DEN,L 10-16,True,8,3,46,15.33,0,37.5%,5.75,0,0,,0,0,0,,0,,0,0,0.0,0,0,0,,,0,0,0,0,0,0,48,89%,0,0%,0,0%,True,Jared Cook,False,10,16
2017.0,2017-10-08,5.0,5.0,30.184,OAK,BAL,L 17-30,True,6,3,25,8.33,0,50.0%,4.17,0,0,,0,0,0,,0,,0,0,0.0,0,0,0,,,1,1,0,0,0,0,34,61%,0,0%,1,4%,False,Jared Cook,False,17,30
2017.0,2017-10-15,6.0,6.0,30.191,OAK,LAC,L 16-17,True,3,2,14,7.00,0,66.7%,4.67,0,0,,0,0,0,,0,,0,0,0.0,0,0,0,,,0,0,0,0,0,0,46,79%,0,0%,0,0%,False,Jared Cook,False,16,17
2017.0,2017-10-19,7.0,7.0,30.195,OAK,KAN,W 31-30,True,7,6,107,17.83,0,85.7%,15.29,0,0,,0,0,0,,0,,0,0,0.0,0,0,0,,,0,0,0,0,0,0,67,82%,0,0%,0,0%,False,Jared Cook,True,31,30
2017.0,2017-10-29,8.0,8.0,30.205,OAK,BUF,L 14-34,True,5,4,57,14.25,0,80.0%,11.40,0,0,,0,0,0,,0,,0,0,0.0,0,0,0,,,0,0,0,0,0,0,46,71%,0,0%,0,0%,True,Jared Cook,False,14,34
2017.0,2017-11-05,9.0,9.0,30.212,OAK,MIA,W 27-24,True,9,8,126,15.75,0,88.9%,14.00,0,0,,0,0,0,,0,,0,0,0.0,0,0,0,0,0,0,0,0,0,0,0,53,83%,0,0%,1,4%,True,Jared Cook,True,27,24
2017.0,2017-11-19,10.0,11.0,30.226,OAK,NWE,L 8-33,True,5,2,36,18.00,0,40.0%,7.20,0,0,,0,0,0,,0,,0,0,0.0,0,0,0,0,0,0,0,0,0,0,0,54,73%,0,0%,0,0%,False,Jared Cook,False,8,33
2017.0,2017-11-26,11.0,12.0,30.233,OAK,DEN,W 21-14,True,5,1,2,2.00,0,20.0%,0.40,0,0,,0,0,0,,0,,0,0,0.0,0,0,0,,,0,0,0,0,0,0,59,87%,0,0%,1,4%,False,Jared Cook,True,21,14
2017.0,2017-12-03,12.0,13.0,30.24,OAK,NYG,W 24-17,True,5,1,9,9.00,0,20.0%,1.80,0,0,,0,0,0,,0,,0,0,0.0,0,0,0,,,0,0,0,0,0,0,50,77%,0,0%,1,4%,False,Jared Cook,True,24,17
2017.0,2017-12-10,13.0,14.0,30.247,OAK,KAN,L 15-26,True,6,5,75,15.00,1,83.3%,12.50,0,0,,0,0,0,,0,,1,6,0.0,0,0,0,,,0,0,0,0,0,0,54,89%,0,0%,1,4%,True,Jared Cook,False,15,26
2017.0,2017-12-17,14.0,15.0,30.254,OAK,DAL,L 17-20,True,4,2,17,8.50,0,50.0%,4.25,0,0,,0,0,0,,0,,0,0,0.0,0,0,0,,,0,0,0,0,0,0,55,83%,0,0%,4,17%,False,Jared Cook,False,17,20
2017.0,2017-12-25,15.0,16.0,30.262,OAK,PHI,L 10-19,True,2,1,15,15.00,0,50.0%,7.50,0,0,,0,0,0,,0,,0,0,0.0,0,0,0,,,0,0,0,0,0,0,51,76%,0,0%,0,0%,True,Jared Cook,False,10,19
2017.0,2017-12-31,16.0,17.0,30.268,OAK,LAC,L 10-30,True,4,3,35,11.67,0,75.0%,8.75,0,0,,0,0,0,,0,,0,0,0.0,0,0,0,,,0,0,0,0,0,0,41,76%,0,0%,0,0%,True,Jared Cook,False,10,30
2018.0,2018-09-10,1.0,1.0,31.156,OAK,LAR,L 13-33,True,12,9,180,20.00,0,75.0%,15.00,0,0,,0,0,0,,0,,0,0,0.0,0,0,0,,,0,0,0,0,0,0,64,91%,0,0%,0,0%,False,Jared Cook,False,13,33
2018.0,2018-09-16,2.0,2.0,31.162,OAK,DEN,L 19-20,True,4,4,49,12.25,0,100.0%,12.25,0,0,,0,0,0,,0,,0,0,0.0,0,0,0,,,0,0,0,0,0,0,52,80%,0,0%,0,0%,True,Jared Cook,False,19,20
2018.0,2018-09-23,3.0,3.0,31.169,OAK,MIA,L 20-28,True,6,5,31,6.20,0,83.3%,5.17,0,0,,0,0,0,,0,,0,0,0.0,0,0,0,,,0,0,0,0,0,0,62,82%,0,0%,0,0%,True,Jared Cook,False,20,28
2018.0,2018-09-30,4.0,4.0,31.176,OAK,CLE,W 45-42,True,13,8,110,13.75,2,61.5%,8.46,0,0,,0,0,0,,0,,2,12,0.0,0,0,0,0,0,0,0,0,0,0,0,76,83%,0,0%,0,0%,False,Jared Cook,True,45,42
2018.0,2018-10-07,5.0,5.0,31.183,OAK,LAC,L 10-26,True,6,4,20,5.00,0,66.7%,3.33,0,0,,0,0,0,,0,,0,0,0.0,0,0,0,,,0,0,0,0,0,0,48,91%,0,0%,0,0%,True,Jared Cook,False,10,26
2018.0,2018-10-14,6.0,6.0,31.19,OAK,SEA,L 3-27,True,2,2,10,5.00,0,100.0%,5.00,0,0,,0,0,0,,0,,0,0,0.0,0,0,0,,,0,0,0,0,0,0,51,85%,0,0%,0,0%,False,Jared Cook,False,3,27
2018.0,2018-10-28,7.0,8.0,31.204,OAK,IND,L 28-42,False,5,4,74,18.50,1,80.0%,14.80,0,0,,0,0,0,,0,,1,6,0.0,0,0,0,,,0,0,0,0,0,0,31,62%,0,0%,0,0%,False,Jared Cook,False,28,42
2018.0,2018-11-01,8.0,9.0,31.208,OAK,SFO,L 3-34,True,2,2,20,10.00,0,100.0%,10.00,0,0,,0,0,0,,0,,0,0,0.0,0,0,0,,,0,0,0,0,0,0,34,60%,0,0%,0,0%,True,Jared Cook,False,3,34
2018.0,2018-11-11,9.0,10.0,31.218,OAK,LAC,L 6-20,True,9,4,52,13.00,0,44.4%,5.78,0,0,,0,0,0,,0,,0,0,0.0,0,0,0,,,0,0,0,0,0,0,37,59%,0,0%,0,0%,False,Jared Cook,False,6,20
2018.0,2018-11-18,10.0,11.0,31.225,OAK,ARI,W 23-21,False,6,3,31,10.33,1,50.0%,5.17,0,0,,0,0,0,,0,,1,6,0.0,0,0,0,,,0,0,0,0,0,0,39,57%,0,0%,0,0%,True,Jared Cook,True,23,21
2018.0,2018-11-25,11.0,12.0,31.232,OAK,BAL,L 17-34,True,5,2,32,16.00,1,40.0%,6.40,0,0,,0,0,0,,0,,1,6,0.0,0,0,0,,,0,0,0,0,0,0,32,55%,0,0%,0,0%,True,Jared Cook,False,17,34
2018.0,2018-12-02,12.0,13.0,31.239,OAK,KAN,L 33-40,True,8,7,100,14.29,1,87.5%,12.50,0,0,,0,0,0,,0,,1,6,0.0,0,0,0,0,0,0,0,0,0,0,0,55,72%,0,0%,0,0%,False,Jared Cook,False,33,40
2018.0,2018-12-09,13.0,14.0,31.246,OAK,PIT,W 24-21,True,10,7,116,16.57,0,70.0%,11.60,0,0,,0,0,0,,0,,0,0,0.0,0,0,0,,,0,0,0,0,0,0,57,85%,0,0%,0,0%,False,Jared Cook,True,24,21
2018.0,2018-12-16,14.0,15.0,31.253,OAK,CIN,L 16-30,True,5,2,23,11.50,0,40.0%,4.60,0,0,,0,0,0,,0,,0,0,0.0,0,0,0,,,0,0,0,0,0,0,52,88%,0,0%,0,0%,True,Jared Cook,False,16,30
2018.0,2018-12-24,15.0,16.0,31.261,OAK,DEN,W 27-14,True,3,2,20,10.00,0,66.7%,6.67,0,0,,0,0,0,,0,,0,0,0.0,0,0,0,,,0,0,0,0,0,0,34,55%,0,0%,1,4%,False,Jared Cook,True,27,14
2018.0,2018-12-30,16.0,17.0,31.267,OAK,KAN,L 3-35,True,5,3,28,9.33,0,60.0%,5.60,0,0,,0,0,0,,0,,0,0,0.0,0,0,0,,,0,0,0,0,0,0,43,65%,0,0%,0,0%,True,Jared Cook,False,3,35
2019.0,2019-09-09,1.0,1.0,32.155,NOR,HOU,W 30-28,False,3,2,37,18.50,0,66.7%,12.33,0,0,,0,0,0,,0,,0,0,0.0,0,0,0,0,0,0,0,0,1,2,0,42,64%,0,0%,0,0%,False,Jared Cook,True,30,28
2019.0,2019-09-15,2.0,2.0,32.161,NOR,LAR,L 9-27,False,7,2,25,12.50,0,28.6%,3.57,0,0,,0,0,0,,0,,0,0,0.0,0,0,0,0,0,0,0,0,0,0,0,43,68%,0,0%,0,0%,True,Jared Cook,False,9,27
2019.0,2019-09-22,3.0,3.0,32.168,NOR,SEA,W 33-27,True,2,1,7,7.00,0,50.0%,3.50,0,0,,0,0,0,,0,,0,0,0.0,0,0,0,0,0,0,0,0,0,0,0,42,75%,0,0%,0,0%,True,Jared Cook,True,33,27
2019.0,2019-09-29,4.0,4.0,32.175,NOR,DAL,W 12-10,True,6,3,21,7.00,0,50.0%,3.50,0,0,,0,0,0,,0,,0,0,0.0,0,0,0,0,0,0,0,0,0,0,0,39,56%,0,0%,0,0%,False,Jared Cook,True,12,10
2019.0,2019-10-06,5.0,5.0,32.182,NOR,TAM,W 31-24,True,6,4,41,10.25,1,66.7%,6.83,0,0,,0,0,0,,0,,1,6,0.0,0,0,0,0,0,0,0,0,0,0,0,42,61%,0,0%,0,0%,False,Jared Cook,True,31,24
2019.0,2019-10-13,6.0,6.0,32.189,NOR,JAX,W 13-6,True,3,3,37,12.33,1,100.0%,12.33,0,0,,0,0,0,,0,,1,6,0.0,0,0,0,0,0,0,0,0,0,0,0,38,58%,0,0%,0,0%,True,Jared Cook,True,13,6
2019.0,2019-10-20,7.0,7.0,,NOR,CHI,W 36-25,True,Inactive,Inactive,Inactive,Inactive,Inactive,Inactive,Inactive,Inactive,Inactive,Inactive,Inactive,Inactive,Inactive,Inactive,Inactive,Inactive,Inactive,Inactive,Inactive,Inactive,Inactive,Inactive,Inactive,Inactive,Inactive,Inactive,Inactive,Inactive,Inactive,Inactive,Inactive,Inactive,Inactive,Inactive,Inactive,Inactive,True,Jared Cook,True,36,25
2019.0,2019-10-27,8.0,8.0,,NOR,ARI,W 31-9,True,Inactive,Inactive,Inactive,Inactive,Inactive,Inactive,Inactive,Inactive,Inactive,Inactive,Inactive,Inactive,Inactive,Inactive,Inactive,Inactive,Inactive,Inactive,Inactive,Inactive,Inactive,Inactive,Inactive,Inactive,Inactive,Inactive,Inactive,Inactive,Inactive,Inactive,Inactive,Inactive,Inactive,Inactive,Inactive,Inactive,False,Jared Cook,True,31,9
2019.0,2019-11-10,9.0,10.0,32.217,NOR,ATL,L 9-26,True,10,6,74,12.33,0,60.0%,7.40,0,0,,0,0,0,,0,,0,0,0.0,0,0,0,0,0,0,0,0,0,0,0,46,70%,0,0%,0,0%,False,Jared Cook,False,9,26
2019.0,2019-11-17,10.0,11.0,32.224,NOR,TAM,W 34-17,False,2,2,33,16.50,1,100.0%,16.50,0,0,,0,0,0,,0,,1,6,0.0,0,0,0,0,0,0,0,0,0,0,0,47,70%,0,0%,0,0%,True,Jared Cook,True,34,17
2019.0,2019-11-24,11.0,12.0,32.231,NOR,CAR,W 34-31,True,8,6,99,16.50,1,75.0%,12.38,0,0,,0,0,0,,0,,1,6,0.0,0,0,0,0,0,0,0,0,0,0,0,37,58%,0,0%,0,0%,False,Jared Cook,True,34,31
2019.0,2019-11-28,12.0,13.0,32.235,NOR,ATL,W 26-18,True,6,3,85,28.33,0,50.0%,14.17,0,0,,0,0,0,,0,,0,0,0.0,0,0,0,0,0,0,0,0,0,0,0,28,57%,0,0%,0,0%,True,Jared Cook,True,26,18
2019.0,2019-12-08,13.0,14.0,32.245,NOR,SFO,L 46-48,False,2,2,64,32.00,2,100.0%,32.00,0,0,,0,0,0,,0,,2,12,0.0,0,0,0,0,0,0,0,0,0,0,0,8,11%,0,0%,0,0%,False,Jared Cook,False,46,48
2019.0,2019-12-16,14.0,15.0,32.253,NOR,IND,W 34-7,False,4,4,54,13.50,0,100.0%,13.50,0,0,,0,0,0,,0,,0,0,0.0,0,0,0,0,0,0,0,0,0,0,0,28,42%,0,0%,0,0%,False,Jared Cook,True,34,7
2019.0,2019-12-22,15.0,16.0,32.259,NOR,TEN,W 38-28,False,4,3,84,28.00,2,75.0%,21.00,0,0,,0,0,0,,0,,2,12,0.0,0,0,0,0,0,0,0,0,0,0,0,36,51%,0,0%,0,0%,True,Jared Cook,True,38,28
2019.0,2019-12-29,16.0,17.0,32.266,NOR,CAR,W 42-10,False,2,2,44,22.00,1,100.0%,22.00,0,0,,0,0,0,,0,,1,6,0.0,0,0,0,0,0,0,0,0,0,0,0,26,38%,0,0%,0,0%,True,Jared Cook,True,42,10
2020.0,2020-09-13,1.0,1.0,33.159,NOR,TAM,W 34-23,False,7,5,80,16.00,0,71.4%,11.43,0,0,,0,0,0,,0,,0,0,0.0,0,0,0,0,0,0,0,0,0,0,0,44,65%,0,0%,0,0%,False,Jared Cook,True,34,23
2020.0,2020-09-21,2.0,2.0,33.167,NOR,LVR,L 24-34,True,5,2,13,6.50,1,40.0%,2.60,0,0,,0,0,0,,0,,1,6,0.0,0,0,0,0,0,0,0,0,0,0,0,39,65%,0,0%,0,0%,True,Jared Cook,False,24,34
2020.0,2020-09-27,3.0,3.0,33.173,NOR,GNB,L 30-37,False,3,2,21,10.50,0,66.7%,7.00,0,0,,0,0,0,,0,,0,0,0.0,0,0,0,0,0,0,0,0,0,0,0,21,34%,0,0%,0,0%,False,Jared Cook,False,30,37
2020.0,2020-10-04,4.0,4.0,,NOR,DET,W 35-29,True,Inactive,Inactive,Inactive,Inactive,Inactive,Inactive,Inactive,Inactive,Inactive,Inactive,Inactive,Inactive,Inactive,Inactive,Inactive,Inactive,Inactive,Inactive,Inactive,Inactive,Inactive,Inactive,Inactive,Inactive,Inactive,Inactive,Inactive,Inactive,Inactive,Inactive,Inactive,Inactive,Inactive,Inactive,Inactive,Inactive,True,Jared Cook,True,35,29
2020.0,2020-10-12,5.0,5.0,33.188,NOR,LAC,W 30-27,False,3,2,52,26.00,1,66.7%,17.33,0,0,,0,0,0,,0,,1,6,0.0,0,0,0,0,0,0,0,0,0,0,0,41,54%,0,0%,0,0%,False,Jared Cook,True,30,27
2020.0,2020-10-25,6.0,7.0,33.201,NOR,CAR,W 27-24,True,4,3,32,10.67,1,75.0%,8.00,0,0,,0,0,0,,0,,1,6,0.0,0,0,0,0,0,0,0,0,0,0,0,34,49%,0,0%,0,0%,False,Jared Cook,True,27,24
2020.0,2020-11-01,7.0,8.0,33.208,NOR,CHI,W 26-23,False,7,5,51,10.20,1,71.4%,7.29,0,0,,0,0,0,,0,,1,6,0.0,0,0,0,0,0,0,0,0,0,0,0,40,54%,0,0%,0,0%,True,Jared Cook,True,26,23
2020.0,2020-11-08,8.0,9.0,33.215,NOR,TAM,W 38-3,True,3,2,30,15.00,0,66.7%,10.00,0,0,,0,0,0,,0,,0,0,0.0,0,0,0,0,0,1,1,0,0,0,0,26,36%,0,0%,0,0%,True,Jared Cook,True,38,3
2020.0,2020-11-15,9.0,10.0,33.222,NOR,SFO,W 27-13,False,2,0,0,,0,0.0%,0.00,0,0,,0,0,0,,0,,0,0,0.0,0,0,0,0,0,0,0,0,0,0,0,21,36%,0,0%,0,0%,False,Jared Cook,True,27,13
2020.0,2020-11-22,10.0,11.0,33.229,NOR,ATL,W 24-9,False,1,1,6,6.00,0,100.0%,6.00,0,0,,0,0,0,,0,,0,0,0.0,0,0,0,0,0,0,0,0,0,0,0,25,37%,0,0%,0,0%,False,Jared Cook,True,24,9
2020.0,2020-11-29,11.0,12.0,33.236,NOR,DEN,W 31-3,False,2,0,0,,0,0.0%,0.00,0,0,,0,0,0,,0,,0,0,0.0,0,0,0,0,0,0,0,0,0,0,0,19,30%,0,0%,0,0%,True,Jared Cook,True,31,3
2020.0,2020-12-06,12.0,13.0,33.243,NOR,ATL,W 21-16,True,5,3,28,9.33,1,60.0%,5.60,0,0,,0,0,0,,0,,1,6,0.0,0,0,0,0,0,0,0,0,0,0,0,28,36%,0,0%,0,0%,True,Jared Cook,True,21,16
2020.0,2020-12-13,13.0,14.0,33.25,NOR,PHI,L 21-24,False,4,3,37,12.33,1,75.0%,9.25,0,0,,0,0,0,,0,,1,6,0.0,0,0,0,0,0,0,0,0,0,0,0,36,57%,0,0%,0,0%,True,Jared Cook,False,21,24
2020.0,2020-12-20,14.0,15.0,33.257,NOR,KAN,L 29-32,True,5,2,29,14.50,0,40.0%,5.80,0,0,,0,0,0,,0,,0,0,0.0,0,0,0,0,0,0,0,0,0,0,0,32,58%,0,0%,0,0%,False,Jared Cook,False,29,32
2020.0,2020-12-25,15.0,16.0,33.262,NOR,MIN,W 52-33,False,4,3,82,27.33,0,75.0%,20.50,0,0,,0,0,0,,0,,0,0,0.0,0,0,0,0,0,0,0,0,0,0,0,40,53%,0,0%,0,0%,False,Jared Cook,True,52,33
2020.0,2021-01-03,16.0,17.0,33.271,NOR,CAR,W 33-7,False,5,4,43,10.75,1,80.0%,8.60,0,0,,0,0,0,,0,,1,6,0.0,0,0,0,0,0,0,0,0,0,0,0,20,31%,0,0%,0,0%,True,Jared Cook,True,33,7
2021.0,2021-09-12,1.0,1.0,34.158,LAC,WAS,W 20-16,True,8,5,56,11.20,0,62.5%,7.00,0,0,,0,0,0,,0,,0,0,0.0,0,0,0,0,0,0,0,0,0,0,0,47,58%,0,0%,0,0%,True,Jared Cook,True,20,16
2021.0,2021-09-19,2.0,2.0,34.165,LAC,DAL,L 17-20,True,5,3,28,9.33,0,60.0%,5.60,0,0,,0,0,0,,0,,0,0,0.0,0,0,0,0,0,0,0,0,0,0,0,42,59%,0,0%,0,0%,False,Jared Cook,False,17,20
2021.0,2021-09-26,3.0,3.0,34.172,LAC,KAN,W 30-24,True,3,2,27,13.50,0,66.7%,9.00,0,0,,0,0,0,,0,,0,0,0.0,0,0,0,0,0,0,0,0,0,0,0,46,70%,0,0%,0,0%,True,Jared Cook,True,30,24
2021.0,2021-10-04,4.0,4.0,34.18,LAC,LVR,W 28-14,True,7,6,70,11.67,1,85.7%,10.00,0,0,,0,0,0,,0,,1,6,0.0,0,0,0,0,0,0,0,0,0,0,0,39,52%,0,0%,0,0%,False,Jared Cook,True,28,14
2021.0,2021-10-10,5.0,5.0,34.186,LAC,CLE,W 47-42,True,3,1,29,29.00,0,33.3%,9.67,0,0,,0,0,0,,0,,0,0,0.0,0,0,0,0,0,0,0,0,0,0,0,50,67%,0,0%,0,0%,False,Jared Cook,True,47,42
2021.0,2021-10-17,6.0,6.0,34.193,LAC,BAL,L 6-34,False,7,4,25,6.25,1,57.1%,3.57,0,0,,0,0,0,,0,,1,6,0.0,1,0,1,0,0,0,0,0,0,0,0,36,64%,0,0%,0,0%,True,Jared Cook,False,6,34
2021.0,2021-10-31,7.0,8.0,34.207,LAC,NWE,L 24-27,True,5,2,25,12.50,0,40.0%,5.00,0,0,,0,0,0,,0,,0,0,0.0,0,0,0,0,0,0,0,0,0,0,0,33,55%,0,0%,0,0%,False,Jared Cook,False,24,27
2021.0,2021-11-07,8.0,9.0,34.214,LAC,PHI,W 27-24,False,4,4,48,12.00,0,100.0%,12.00,0,0,,0,0,0,,0,1,0,2,0.0,0,0,0,0,0,0,0,0,0,0,0,29,42%,0,0%,0,0%,True,Jared Cook,True,27,24
2021.0,2021-11-14,9.0,10.0,34.221,LAC,MIN,L 20-27,False,3,1,10,10.00,0,33.3%,3.33,0,0,,0,0,0,,0,,0,0,0.0,0,0,0,0,0,0,0,0,0,0,0,34,58%,0,0%,0,0%,False,Jared Cook,False,20,27
2021.0,2021-11-21,10.0,11.0,34.228,LAC,PIT,W 41-37,True,5,3,28,9.33,0,60.0%,5.60,0,0,,0,0,0,,0,,0,0,0.0,0,0,0,0,0,0,0,0,0,0,0,38,50%,0,0%,0,0%,False,Jared Cook,True,41,37
2021.0,2021-11-28,11.0,12.0,34.235,LAC,DEN,L 13-28,False,5,2,25,12.50,1,40.0%,5.00,0,0,,0,0,0,,0,,1,6,0.0,0,0,0,0,0,0,0,0,0,0,0,37,52%,0,0%,0,0%,True,Jared Cook,False,13,28
2021.0,2021-12-05,12.0,13.0,34.242,LAC,CIN,W 41-22,True,4,3,29,9.67,0,75.0%,7.25,0,0,,0,0,0,,0,,0,0,0.0,0,0,0,0,0,0,0,0,0,0,0,35,55%,0,0%,0,0%,True,Jared Cook,True,41,22
2021.0,2021-12-12,13.0,14.0,34.249,LAC,NYG,W 37-21,True,5,2,8,4.00,1,40.0%,1.60,0,0,,0,0,0,,0,,1,6,0.0,0,0,0,0,0,0,0,0,0,0,0,31,44%,0,0%,0,0%,False,Jared Cook,True,37,21
2021.0,2021-12-16,14.0,15.0,34.253,LAC,KAN,L 28-34,False,7,3,32,10.67,0,42.9%,4.57,0,0,,0,0,0,,0,,0,0,0.0,0,0,0,0,0,0,0,0,0,0,0,43,54%,0,0%,0,0%,False,Jared Cook,False,28,34
2021.0,2021-12-26,15.0,16.0,34.263,LAC,HOU,L 29-41,True,5,3,44,14.67,0,60.0%,8.80,0,0,,0,0,0,,0,1,0,2,0.0,0,0,0,0,0,0,0,0,0,0,0,39,63%,0,0%,0,0%,True,Jared Cook,False,29,41
2021.0,2022-01-02,16.0,17.0,,LAC,DEN,W 34-13,True,Did Not Play,Did Not Play,Did Not Play,Did Not Play,Did Not Play,Did Not Play,Did Not Play,Did Not Play,Did Not Play,Did Not Play,Did Not Play,Did Not Play,Did Not Play,Did Not Play,Did Not Play,Did Not Play,Did Not Play,Did Not Play,Did Not Play,Did Not Play,Did Not Play,Did Not Play,Did Not Play,Did Not Play,Did Not Play,Did Not Play,Did Not Play,Did Not Play,Did Not Play,Did Not Play,Did Not Play,Did Not Play,Did Not Play,Did Not Play,Did Not Play,Did Not Play,False,Jared Cook,True,34,13
2021.0,2022-01-09,17.0,18.0,34.277,LAC,LVR,L 32-35,False,7,4,80,20.00,0,57.1%,11.43,0,0,,0,0,0,,0,,0,0,0.0,0,0,0,0,0,0,0,0,0,0,0,65,70%,0,0%,0,0%,True,Jared Cook,False,32,35
,194 Games,,,,,,94-100-0,False,919,553,7237,13.09,45,60.2%,7.87,1,0,0.00,0,1,3,3.00,0,3,45,276,0.0,8,1,9,0,0,9,8,0,4,4,0,,,,,,,False,Jared Cook,False,100,0
