Year,Date,G#,Week,Age,Tm,Unnamed: 7_level_1,Opp,Result,GS,Rushing_Att,Rushing_Yds,Rushing_Y/A,Rushing_TD,Passing_Cmp,Passing_Att,Passing_Cmp%,Passing_Yds,Passing_TD,Passing_Int,Passing_Rate,Passing_Sk,Passing_Yds.1,Passing_Y/A,Passing_AY/A,Scoring_XPM,Scoring_XPA,Scoring_XP%,Scoring_FGM,Scoring_FGA,Scoring_FG%,Scoring_TD,Scoring_Pts,Sk,Tackles_Solo,Tackles_Ast,Tackles_Comb,Tackles_TFL,Tackles_QBHits,Punting_Pnt,Punting_Yds,Punting_Y/P,Punting_Blck,Off. Snaps_Num,Off. Snaps_Pct,Def. Snaps_Num,Def. Snaps_Pct,ST Snaps_Num,ST Snaps_Pct,Away_status,Player
1999,1999-09-12,1,1,,CLE,,PIT,L 0-43,True,Did Not Play,Did Not Play,Did Not Play,Did Not Play,Did Not Play,Did Not Play,Did Not Play,Did Not Play,Did Not Play,Did Not Play,Did Not Play,Did Not Play,Did Not Play,Did Not Play,Did Not Play,Did Not Play,Did Not Play,Did Not Play,Did Not Play,Did Not Play,Did Not Play,Did Not Play,Did Not Play,Did Not Play,Did Not Play,Did Not Play,Did Not Play,Did Not Play,Did Not Play,Did Not Play,Did Not Play,Did Not Play,Did Not Play,Did Not Play,Did Not Play,Did Not Play,Did Not Play,Did Not Play,Did Not Play,False,Phil Dawson
1999,1999-09-19,2,2,24.239,CLE,@,TEN,L 9-26,False,0,0,,0,0,0,,0,0,0,,,,,,,,,1,1,100.0,0,3,0.0,,,,,,0,0,,0,,,,,,,True,Phil Dawson
1999,1999-09-26,3,3,24.246,CLE,@,BAL,L 10-17,False,0,0,,0,0,0,,0,0,0,,,,,,1,1,100.0,1,1,100.0,0,4,0.0,,,,,,0,0,,0,,,,,,,True,Phil Dawson
1999,1999-10-03,4,4,24.253,CLE,,NWE,L 7-19,False,0,0,,0,0,0,,0,0,0,,,,,,1,1,100.0,,1,0.0,0,1,0.0,0,0,0,0,,0,0,,0,,,,,,,False,Phil Dawson
1999,1999-10-10,5,5,24.260,CLE,,CIN,L 17-18,False,1,4,4.00,1,0,0,,0,0,0,,,,,,2,2,100.0,1,1,100.0,1,11,0.0,,,,,,0,0,,0,,,,,,,False,Phil Dawson
1999,1999-10-17,6,6,24.267,CLE,@,JAX,L 7-24,False,0,0,,0,0,0,,0,0,,,,,,,1,1,100.0,,,,0,1,0.0,,,,,,0,0,,,,,,,,,True,Phil Dawson
1999,1999-10-24,7,7,24.274,CLE,@,STL,L 3-34,False,0,0,,0,0,0,,0,0,0,,,,,,,,,1,1,100.0,0,3,0.0,,,,,,0,0,,0,,,,,,,True,Phil Dawson
1999,1999-10-31,8,8,24.281,CLE,@,NOR,W 21-16,False,0,0,,0,0,0,,0,0,0,,,,,,3,3,100.0,,1,0.0,0,3,0.0,,,,,,0,0,,0,,,,,,,True,Phil Dawson
1999,1999-11-07,9,9,24.288,CLE,,BAL,L 9-41,False,0,0,,0,0,0,,0,0,0,,,,,,,1,0.0,1,1,100.0,0,3,0.0,,,,,,0,0,,0,,,,,,,False,Phil Dawson
1999,1999-11-14,10,10,24.295,CLE,@,PIT,W 16-15,False,0,0,,0,0,0,,0,0,0,,,,,,1,1,100.0,1,1,100.0,0,4,0.0,,,,,,0,0,,0,,,,,,,True,Phil Dawson
1999,1999-11-21,11,11,24.302,CLE,,CAR,L 17-31,False,0,0,,0,0,0,,0,0,0,,,,,,2,2,100.0,1,2,50.0,0,5,0.0,1,0,1,0,,0,0,,0,,,,,,,False,Phil Dawson
1999,1999-11-28,12,12,24.309,CLE,,TEN,L 21-33,False,0,0,,0,0,0,,0,0,,,,,,,3,3,100.0,,,,0,3,0.0,,,,,,0,0,,,,,,,,,False,Phil Dawson
1999,1999-12-05,13,13,24.316,CLE,@,SDG,L 10-23,False,0,0,,0,0,0,,0,0,0,,,,,,1,1,100.0,1,2,50.0,0,4,0.0,,,,,,0,0,,0,,,,,,,True,Phil Dawson
1999,1999-12-12,14,14,24.323,CLE,@,CIN,L 28-44,False,0,0,,0,0,0,,0,0,,,,,,,2,2,100.0,,,,0,2,0.0,,,,,,0,0,,,,,,,,,True,Phil Dawson
1999,1999-12-19,15,15,24.330,CLE,,JAX,L 14-24,False,0,0,,0,0,0,,0,0,,,,,,,2,2,100.0,,,,0,2,0.0,,,,,,0,0,,,,,,,,,False,Phil Dawson
1999,1999-12-26,16,16,24.337,CLE,,IND,L 28-29,False,0,0,,0,0,0,,0,0,,,,,,,4,4,100.0,,,,0,4,0.0,,,,,,0,0,,,,,,,,,False,Phil Dawson
2000,2000-09-03,1,1,25.224,CLE,,JAX,L 7-27,False,0,0,,0,0,0,,0,0,,,,,,,1,1,100.0,,,,0,1,0.0,,,,,,0,0,,,,,,,,,False,Phil Dawson
2000,2000-09-10,2,2,25.231,CLE,@,CIN,W 24-7,False,0,0,,0,0,0,,0,0,0,,,,,,3,3,100.0,1,1,100.0,0,6,0.0,,,,,,0,0,,0,,,,,,,True,Phil Dawson
2000,2000-09-17,3,3,25.238,CLE,,PIT,W 23-20,False,0,0,,0,0,0,,0,0,0,,,,,,2,2,100.0,3,3,100.0,0,11,0.0,,,,,,0,0,,0,,,,,,,False,Phil Dawson
2000,2000-09-24,4,4,25.245,CLE,@,OAK,L 10-36,False,0,0,,0,0,0,,0,0,0,,,,,,1,1,100.0,1,2,50.0,0,4,0.0,,,,,,0,0,,0,,,,,,,True,Phil Dawson
2000,2000-10-01,5,5,25.252,CLE,,BAL,L 0-12,False,,,,,,,,,,,,,,,,,,,,,,0,0,0.0,,,,,,0,0,,,,,,,,,False,Phil Dawson
2000,2000-10-08,6,6,25.259,CLE,@,ARI,L 21-29,False,0,0,,0,0,0,,0,0,0,,,,,,3,3,100.0,,1,0.0,0,3,0.0,,,,,,0,0,,0,,,,,,,True,Phil Dawson
2000,2000-10-15,7,7,25.266,CLE,@,DEN,L 10-44,False,0,0,,0,0,0,,0,0,0,,,,,,1,1,100.0,1,1,100.0,0,4,0.0,,,,,,0,0,,0,,,,,,,True,Phil Dawson
2000,2000-10-22,8,8,25.273,CLE,@,PIT,L 0-22,False,0,0,,0,0,0,,0,0,0,,,,,,,,,,1,0.0,0,0,0.0,,,,,,0,0,,0,,,,,,,True,Phil Dawson
2000,2000-10-29,9,9,25.280,CLE,,CIN,L 3-12,False,0,0,,0,0,0,,0,0,0,,,,,,,,,1,1,100.0,0,3,0.0,,,,,,0,0,,0,,,,,,,False,Phil Dawson
2000,2000-11-05,10,10,25.287,CLE,,NYG,L 3-24,False,0,0,,0,0,0,,0,0,0,,,,,,,,,1,1,100.0,0,3,0.0,,,,,,0,0,,0,,,,,,,False,Phil Dawson
2000,2000-11-12,11,11,25.294,CLE,,NWE,W 19-11,False,0,0,,0,0,0,,0,0,0,,,,,,1,1,100.0,4,4,100.0,0,13,0.0,1,0,1,0,,0,0,,0,,,,,,,False,Phil Dawson
2000,2000-11-19,12,12,25.301,CLE,@,TEN,L 10-24,False,0,0,,0,0,0,,0,0,0,,,,,,1,1,100.0,1,1,100.0,0,4,0.0,1,0,1,0,,0,0,,0,,,,,,,True,Phil Dawson
2000,2000-11-26,13,13,25.308,CLE,@,BAL,L 7-44,False,0,0,,0,0,0,,0,0,,,,,,,1,1,100.0,,,,0,1,0.0,,,,,,0,0,,,,,,,,,True,Phil Dawson
2000,2000-12-03,14,14,25.315,CLE,@,JAX,L 0-48,False,,,,,,,,,,,,,,,,,,,,,,0,0,0.0,1,0,1,0,,0,0,,,,,,,,,True,Phil Dawson
2000,2000-12-10,15,15,25.322,CLE,,PHI,L 24-35,False,0,0,,0,0,0,,0,0,0,,,,,,3,3,100.0,1,1,100.0,0,6,0.0,,,,,,0,0,,0,,,,,,,False,Phil Dawson
2000,2000-12-17,16,16,25.329,CLE,,TEN,L 0-24,False,,,,,,,,,,,,,,,,,,,,,,0,0,0.0,,,,,,0,0,,,,,,,,,False,Phil Dawson
2001,2001-09-09,1,1,26.229,CLE,,SEA,L 6-9,False,0,0,,0,0,0,,0,0,0,,,,,,,,,2,3,66.7,0,6,0.0,,,,,,0,0,,0,,,,,,,False,Phil Dawson
2001,2001-09-23,2,2,26.243,CLE,,DET,W 24-14,False,0,0,,0,0,0,,0,0,0,,,,,,3,3,100.0,1,2,50.0,0,6,0.0,,,,,,0,0,,0,,,,,,,False,Phil Dawson
2001,2001-09-30,3,3,26.250,CLE,@,JAX,W 23-14,False,0,0,,0,0,0,,0,0,0,,,,,,2,2,100.0,3,3,100.0,0,11,0.0,,,,,,0,0,,0,,,,,,,True,Phil Dawson
2001,2001-10-07,4,4,26.257,CLE,,SDG,W 20-16,False,0,0,,0,0,0,,0,0,0,,,,,,2,2,100.0,2,3,66.7,0,8,0.0,,,,,,0,0,,0,,,,,,,False,Phil Dawson
2001,2001-10-14,5,5,26.264,CLE,@,CIN,L 14-24,False,0,0,,0,0,0,,0,0,,,,,,,2,2,100.0,,,,0,2,0.0,,,,,,0,0,,,,,,,,,True,Phil Dawson
2001,2001-10-21,6,6,26.271,CLE,,BAL,W 24-14,False,0,0,,0,0,0,,0,0,0,,,,,,3,3,100.0,1,1,100.0,0,6,0.0,,,,,,0,0,,0,,,,,,,False,Phil Dawson
2001,2001-11-04,7,8,26.285,CLE,@,CHI,L 21-27,False,0,0,,0,0,0,,0,0,,,,,,,3,3,100.0,,,,0,3,0.0,1,0,1,0,,0,0,,,,,,,,,True,Phil Dawson
2001,2001-11-11,8,9,26.292,CLE,,PIT,L 12-15,False,0,0,,0,0,0,,0,0,0,,,,,,1,1,100.0,1,1,100.0,0,4,0.0,,,,,,0,0,,0,,,,,,,False,Phil Dawson
2001,2001-11-18,9,10,26.299,CLE,@,BAL,W 27-17,False,0,0,,0,0,0,,0,0,0,,,,,,3,3,100.0,2,2,100.0,0,9,0.0,,,,,,0,0,,0,,,,,,,True,Phil Dawson
2001,2001-11-25,10,11,26.306,CLE,,CIN,W 18-0,False,0,0,,0,0,0,,0,0,0,,,,,,,1,0.0,4,4,100.0,0,12,0.0,,,,,,0,0,,0,,,,,,,False,Phil Dawson
2001,2001-12-02,11,12,26.313,CLE,,TEN,L 15-31,False,0,0,,0,0,0,,0,0,,,,,,,1,1,100.0,,,,0,1,0.0,,,,,,0,0,,,,,,,,,False,Phil Dawson
2001,2001-12-09,12,13,26.320,CLE,@,NWE,L 16-27,False,0,0,,0,0,0,,0,0,0,,,,,,1,1,100.0,3,3,100.0,0,10,0.0,,,,,,0,0,,0,,,,,,,True,Phil Dawson
2001,2001-12-16,13,14,26.327,CLE,,JAX,L 10-15,False,0,0,,0,0,0,,0,0,0,,,,,,1,1,100.0,1,1,100.0,0,4,0.0,,,,,,0,0,,0,,,,,,,False,Phil Dawson
2001,2001-12-23,14,15,26.334,CLE,@,GNB,L 7-30,False,0,0,,0,0,0,,0,0,,,,,,,1,1,100.0,,,,0,1,0.0,,,,,,0,0,,,,,,,,,True,Phil Dawson
2001,2001-12-30,15,16,26.341,CLE,@,TEN,W 41-38,False,0,0,,0,0,0,,0,0,0,,,,,,5,5,100.0,2,2,100.0,0,11,0.0,,,,,,0,0,,0,,,,,,,True,Phil Dawson
2001,2002-01-06,16,17,26.348,CLE,@,PIT,L 7-28,False,0,0,,0,0,0,,0,0,,,,,,,1,1,100.0,,,,0,1,0.0,,,,,,0,0,,,,,,,,,True,Phil Dawson
2002,2002-09-08,1,1,27.228,CLE,,KAN,L 39-40,False,0,0,,0,0,0,,0,0,0,,,,,,3,3,100.0,4,4,100.0,0,15,0.0,,,,,,0,0,,0,,,,,,,False,Phil Dawson
2002,2002-09-15,2,2,27.235,CLE,,CIN,W 20-7,False,0,0,,0,0,0,,0,0,0,,,,,,2,2,100.0,2,2,100.0,0,8,0.0,,,,,,0,0,,0,,,,,,,False,Phil Dawson
2002,2002-09-22,3,3,27.242,CLE,@,TEN,W 31-28,False,0,0,,0,0,0,,0,0,0,,,,,,4,4,100.0,1,2,50.0,0,7,0.0,,,,,,0,0,,0,,,,,,,True,Phil Dawson
2002,2002-09-29,4,4,27.249,CLE,@,PIT,L 13-16,False,0,0,,0,0,0,,0,0,0,,,,,,1,1,100.0,2,3,66.7,0,7,0.0,,,,,,0,0,,0,,,,,,,True,Phil Dawson
2002,2002-10-06,5,5,27.256,CLE,,BAL,L 21-26,False,0,0,,0,0,0,,0,0,0,,,,,,1,1,100.0,,,,0,1,0.0,,,,,,1,16,16.00,0,,,,,,,False,Phil Dawson
2002,2002-10-13,6,6,27.263,CLE,@,TAM,L 3-17,False,0,0,,0,0,0,,0,0,0,,,,,,,,,1,1,100.0,0,3,0.0,,,,,,0,0,,0,,,,,,,True,Phil Dawson
2002,2002-10-20,7,7,27.270,CLE,,HOU,W 34-17,False,0,0,,0,0,0,,0,0,0,,,,,,4,4,100.0,2,2,100.0,0,10,0.0,,,,,,0,0,,0,,,,,,,False,Phil Dawson
2002,2002-10-27,8,8,27.277,CLE,@,NYJ,W 24-21,False,0,0,,0,0,0,,0,0,0,,,,,,1,1,100.0,3,3,100.0,0,10,0.0,1,0,1,0,,0,0,,0,,,,,,,True,Phil Dawson
2002,2002-11-03,9,9,27.284,CLE,,PIT,L 20-23,False,0,0,,0,0,0,,0,0,,,,,,,2,3,66.7,,,,0,2,0.0,,,,,,0,0,,,,,,,,,False,Phil Dawson
2002,2002-11-17,10,11,27.298,CLE,@,CIN,W 27-20,False,0,0,,0,0,0,,0,0,0,,,,,,3,3,100.0,2,3,66.7,0,9,0.0,,,,,,0,0,,0,,,,,,,True,Phil Dawson
2002,2002-11-24,11,12,27.305,CLE,@,NOR,W 24-15,False,0,0,,0,0,0,,0,0,0,,,,,,3,3,100.0,1,1,100.0,0,6,0.0,,,,,,0,0,,0,,,,,,,True,Phil Dawson
2002,2002-12-01,12,13,27.312,CLE,,CAR,L 6-13,False,0,0,,0,0,0,,0,0,0,,,,,,,,,2,3,66.7,0,6,0.0,,,,,,0,0,,0,,,,,,,False,Phil Dawson
2002,2002-12-08,13,14,27.319,CLE,@,JAX,W 21-20,False,0,0,,0,0,0,,0,0,0,,,,,,3,3,100.0,,2,0.0,0,3,0.0,,,,,,0,0,,0,,,,,,,True,Phil Dawson
2002,2002-12-15,14,15,27.326,CLE,,IND,L 23-28,False,0,0,,0,0,0,,0,0,0,,,,,,2,2,100.0,1,1,100.0,0,5,0.0,,,,,,0,0,,0,,,,,,,False,Phil Dawson
2002,2002-12-22,15,16,27.333,CLE,@,BAL,W 14-13,False,0,0,,0,0,0,,0,0,,,,,,,2,2,100.0,,,,0,2,0.0,,,,,,0,0,,,,,,,,,True,Phil Dawson
2002,2002-12-29,16,17,27.340,CLE,,ATL,W 24-16,False,0,0,,0,0,0,,0,0,0,,,,,,3,3,100.0,1,1,100.0,0,6,0.0,,,,,,1,20,20.00,0,,,,,,,False,Phil Dawson
2003,2003-09-07,1,1,28.227,CLE,,IND,L 6-9,False,0,0,,0,0,0,,0,0,0,,,,,,,,,2,2,100.0,0,6,0.0,,,,,,0,0,,0,,,,,,,False,Phil Dawson
2003,2003-09-14,2,2,28.234,CLE,@,BAL,L 13-33,False,0,0,,0,0,0,,0,0,0,,,,,,1,1,100.0,2,2,100.0,0,7,0.0,1,0,1,0,,0,0,,0,,,,,,,True,Phil Dawson
2003,2003-09-21,3,3,28.241,CLE,@,SFO,W 13-12,False,0,0,,0,0,0,,0,0,0,,,,,,1,1,100.0,,1,0.0,0,1,0.0,,,,,,0,0,,0,,,,,,,True,Phil Dawson
2003,2003-09-28,4,4,28.248,CLE,,CIN,L 14-21,False,0,0,,0,0,0,,0,0,0,,,,,,2,2,100.0,,1,0.0,0,2,0.0,,,,,,0,0,,0,,,,,,,False,Phil Dawson
2003,2003-10-05,5,5,28.255,CLE,@,PIT,W 33-13,False,0,0,,0,0,0,,0,0,0,,,,,,3,4,75.0,2,2,100.0,0,9,0.0,,,,,,0,0,,0,,,,,,,True,Phil Dawson
2003,2003-10-12,6,6,28.262,CLE,,OAK,W 13-7,False,1,14,14.00,0,0,0,,0,0,0,,,,,,1,1,100.0,2,2,100.0,0,7,0.0,,,,,,0,0,,0,,,,,,,False,Phil Dawson
2003,2003-10-19,7,7,28.269,CLE,,SDG,L 20-26,False,0,0,,0,0,0,,0,0,0,,,,,,2,2,100.0,2,3,66.7,0,8,0.0,,,,,,0,0,,0,,,,,,,False,Phil Dawson
2003,2003-10-26,8,8,28.276,CLE,@,NWE,L 3-9,False,0,0,,0,0,0,,0,0,0,,,,,,,,,1,1,100.0,0,3,0.0,,,,,,0,0,,0,,,,,,,True,Phil Dawson
2003,2003-11-09,9,10,28.290,CLE,@,KAN,L 20-41,False,0,0,,0,0,0,,0,0,0,,,,,,2,2,100.0,2,2,100.0,0,8,0.0,,,,,,0,0,,0,,,,,,,True,Phil Dawson
2003,2003-11-16,10,11,28.297,CLE,,ARI,W 44-6,False,0,0,,0,0,0,,0,0,0,,,,,,5,5,100.0,3,3,100.0,0,14,0.0,,,,,,0,0,,0,,,,,,,False,Phil Dawson
2003,2003-11-23,11,12,28.304,CLE,,PIT,L 6-13,False,0,0,,0,0,0,,0,0,0,,,,,,,,,2,2,100.0,0,6,0.0,1,0,1,0,,0,0,,0,,,,,,,False,Phil Dawson
2003,2003-11-30,12,13,28.311,CLE,@,SEA,L 7-34,False,0,0,,0,0,0,,0,0,0,,,,,,1,1,100.0,,,,0,1,0.0,,,,,,1,29,29.00,0,,,,,,,True,Phil Dawson
2003,2003-12-08,13,14,28.319,CLE,,STL,L 20-26,False,0,0,,0,0,0,,0,0,,,,,,,2,2,100.0,,,,0,2,0.0,0,1,1,0,,0,0,,,,,,,,,False,Phil Dawson
2003,2003-12-14,14,15,,CLE,@,DEN,L 20-23,True,Injured Reserve,Injured Reserve,Injured Reserve,Injured Reserve,Injured Reserve,Injured Reserve,Injured Reserve,Injured Reserve,Injured Reserve,Injured Reserve,Injured Reserve,Injured Reserve,Injured Reserve,Injured Reserve,Injured Reserve,Injured Reserve,Injured Reserve,Injured Reserve,Injured Reserve,Injured Reserve,Injured Reserve,Injured Reserve,Injured Reserve,Injured Reserve,Injured Reserve,Injured Reserve,Injured Reserve,Injured Reserve,Injured Reserve,Injured Reserve,Injured Reserve,Injured Reserve,Injured Reserve,Injured Reserve,Injured Reserve,Injured Reserve,Injured Reserve,Injured Reserve,Injured Reserve,True,Phil Dawson
2003,2003-12-21,15,16,,CLE,,BAL,L 0-35,True,Injured Reserve,Injured Reserve,Injured Reserve,Injured Reserve,Injured Reserve,Injured Reserve,Injured Reserve,Injured Reserve,Injured Reserve,Injured Reserve,Injured Reserve,Injured Reserve,Injured Reserve,Injured Reserve,Injured Reserve,Injured Reserve,Injured Reserve,Injured Reserve,Injured Reserve,Injured Reserve,Injured Reserve,Injured Reserve,Injured Reserve,Injured Reserve,Injured Reserve,Injured Reserve,Injured Reserve,Injured Reserve,Injured Reserve,Injured Reserve,Injured Reserve,Injured Reserve,Injured Reserve,Injured Reserve,Injured Reserve,Injured Reserve,Injured Reserve,Injured Reserve,Injured Reserve,False,Phil Dawson
2003,2003-12-28,16,17,,CLE,@,CIN,W 22-14,True,Injured Reserve,Injured Reserve,Injured Reserve,Injured Reserve,Injured Reserve,Injured Reserve,Injured Reserve,Injured Reserve,Injured Reserve,Injured Reserve,Injured Reserve,Injured Reserve,Injured Reserve,Injured Reserve,Injured Reserve,Injured Reserve,Injured Reserve,Injured Reserve,Injured Reserve,Injured Reserve,Injured Reserve,Injured Reserve,Injured Reserve,Injured Reserve,Injured Reserve,Injured Reserve,Injured Reserve,Injured Reserve,Injured Reserve,Injured Reserve,Injured Reserve,Injured Reserve,Injured Reserve,Injured Reserve,Injured Reserve,Injured Reserve,Injured Reserve,Injured Reserve,Injured Reserve,True,Phil Dawson
2004,2004-09-12,1,1,29.233,CLE,,BAL,W 20-3,False,0,0,,0,0,0,,0,0,0,,,,,,2,2,100.0,2,2,100.0,0,8,0.0,,,,,,0,0,,0,,,,,,,False,Phil Dawson
2004,2004-09-19,2,2,29.240,CLE,@,DAL,L 12-19,False,0,0,,0,0,0,,0,0,0,,,,,,,,,4,4,100.0,0,12,0.0,,,,,,0,0,,0,,,,,,,True,Phil Dawson
2004,2004-09-26,3,3,29.247,CLE,@,NYG,L 10-27,False,0,0,,0,0,0,,0,0,0,,,,,,1,1,100.0,1,1,100.0,0,4,0.0,,,,,,0,0,,0,,,,,,,True,Phil Dawson
2004,2004-10-03,4,4,29.254,CLE,,WAS,W 17-13,False,0,0,,0,0,0,,0,0,0,,,,,,2,2,100.0,1,1,100.0,0,5,0.0,,,,,,0,0,,0,,,,,,,False,Phil Dawson
2004,2004-10-10,5,5,29.261,CLE,@,PIT,L 23-34,False,0,0,,0,0,0,,0,0,0,,,,,,2,2,100.0,3,3,100.0,0,11,0.0,,,,,,0,0,,0,,,,,,,True,Phil Dawson
2004,2004-10-17,6,6,29.268,CLE,,CIN,W 34-17,False,0,0,,0,0,0,,0,0,0,,,,,,4,4,100.0,2,2,100.0,0,10,0.0,,,,,,0,0,,0,,,,,,,False,Phil Dawson
2004,2004-10-24,7,7,29.275,CLE,,PHI,L 31-34,False,0,0,,0,0,0,,0,0,0,,,,,,4,4,100.0,1,1,100.0,0,7,0.0,,,,,,0,0,,0,,,,,,,False,Phil Dawson
2004,2004-11-07,8,9,29.289,CLE,@,BAL,L 13-27,False,0,0,,0,0,0,,0,0,0,,,,,,1,1,100.0,2,2,100.0,0,7,0.0,,,,,,0,0,,0,,,,,,,True,Phil Dawson
2004,2004-11-14,9,10,29.296,CLE,,PIT,L 10-24,False,0,0,,0,0,0,,0,0,0,,,,,,1,1,100.0,1,1,100.0,0,4,0.0,,,,,,0,0,,0,,,,,,,False,Phil Dawson
2004,2004-11-21,10,11,29.303,CLE,,NYJ,L 7-10,False,0,0,,0,0,0,,0,0,0,,,,,,1,1,100.0,,2,0.0,0,1,0.0,,,,,,0,0,,0,,,,,,,False,Phil Dawson
2004,2004-11-28,11,12,29.310,CLE,@,CIN,L 48-58,False,0,0,,0,0,0,,0,0,0,,,,,,6,6,100.0,2,2,100.0,0,12,0.0,1,0,1,0,,0,0,,0,,,,,,,True,Phil Dawson
2004,2004-12-05,12,13,29.317,CLE,,NWE,L 15-42,False,0,0,,0,0,0,,0,0,,,,,,,1,1,100.0,,,,0,1,0.0,,,,,,0,0,,,,,,,,,False,Phil Dawson
2004,2004-12-12,13,14,29.324,CLE,@,BUF,L 7-37,False,0,0,,0,0,0,,0,0,0,,,,,,1,1,100.0,,1,0.0,0,1,0.0,,,,,,0,0,,0,,,,,,,True,Phil Dawson
2004,2004-12-19,14,15,29.331,CLE,,SDG,L 0-21,False,0,0,,0,0,0,,0,0,0,,,,,,,,,,1,0.0,0,0,0.0,,,,,,0,0,,0,,,,,,,False,Phil Dawson
2004,2004-12-26,15,16,29.338,CLE,@,MIA,L 7-10,False,0,0,,0,0,0,,0,0,0,,,,,,1,1,100.0,,1,0.0,0,1,0.0,,,,,,0,0,,0,,,,,,,True,Phil Dawson
2004,2005-01-02,16,17,29.345,CLE,@,HOU,W 22-14,False,0,0,,0,0,0,,0,0,0,,,,,,1,1,100.0,5,5,100.0,0,16,0.0,,,,,,0,0,,0,,,,,,,True,Phil Dawson
2005,2005-09-11,1,1,30.231,CLE,,CIN,L 13-27,False,0,0,,0,0,0,,0,0,0,,,,,,1,1,100.0,2,2,100.0,0,7,0.0,0,0,0,0,,0,0,,0,,,,,,,False,Phil Dawson
2005,2005-09-18,2,2,30.238,CLE,@,GNB,W 26-24,False,0,0,,0,0,0,,0,0,0,,,,,,2,3,66.7,2,2,100.0,0,8,0.0,,,,,,0,0,,0,,,,,,,True,Phil Dawson
2005,2005-09-25,3,3,30.245,CLE,@,IND,L 6-13,False,0,0,,0,0,0,,0,0,0,,,,,,,,,2,2,100.0,0,6,0.0,,,,,,0,0,,0,,,,,,,True,Phil Dawson
2005,2005-10-09,4,5,30.259,CLE,,CHI,W 20-10,False,0,0,,0,0,0,,0,0,0,,,,,,2,2,100.0,2,2,100.0,0,8,0.0,,,,,,0,0,,0,,,,,,,False,Phil Dawson
2005,2005-10-16,5,6,30.266,CLE,@,BAL,L 3-16,False,0,0,,0,0,0,,0,0,0,,,,,,,,,1,1,100.0,0,3,0.0,,,,,,0,0,,0,,,,,,,True,Phil Dawson
2005,2005-10-23,6,7,30.273,CLE,,DET,L 10-13,False,0,0,,0,0,0,,0,0,0,,,,,,1,1,100.0,1,1,100.0,0,4,0.0,,,,,,0,0,,0,,,,,,,False,Phil Dawson
2005,2005-10-30,7,8,30.280,CLE,@,HOU,L 16-19,False,0,0,,0,0,0,,0,0,0,,,,,,1,1,100.0,3,3,100.0,0,10,0.0,1,0,1,0,,0,0,,0,,,,,,,True,Phil Dawson
2005,2005-11-06,8,9,30.287,CLE,,TEN,W 20-14,False,0,0,,0,0,0,,0,0,0,,,,,,2,2,100.0,2,3,66.7,0,8,0.0,,,,,,0,0,,0,,,,,,,False,Phil Dawson
2005,2005-11-13,9,10,30.294,CLE,@,PIT,L 21-34,False,0,0,,0,0,0,,0,0,,,,,,,3,3,100.0,,,,0,3,0.0,,,,,,0,0,,,,,,,,,True,Phil Dawson
2005,2005-11-20,10,11,30.301,CLE,,MIA,W 22-0,False,0,0,,0,0,0,,0,0,0,,,,,,1,2,50.0,3,3,100.0,0,10,0.0,,,,,,0,0,,0,,,,,,,False,Phil Dawson
2005,2005-11-27,11,12,30.308,CLE,@,MIN,L 12-24,False,0,0,,0,0,0,,0,0,0,,,,,,,,,2,2,100.0,0,6,0.0,,,,,,1,31,31.00,0,,,,,,,True,Phil Dawson
2005,2005-12-04,12,13,30.315,CLE,,JAX,L 14-20,False,0,0,,0,0,0,,0,0,0,,,,,,2,2,100.0,,1,0.0,0,2,0.0,0,1,1,0,,1,22,22.00,0,,,,,,,False,Phil Dawson
2005,2005-12-11,13,14,30.322,CLE,@,CIN,L 20-23,False,0,0,,0,0,0,,0,0,0,,,,,,2,2,100.0,2,2,100.0,0,8,0.0,0,1,1,0,,0,0,,0,,,,,,,True,Phil Dawson
2005,2005-12-18,14,15,30.329,CLE,@,OAK,W 9-7,False,0,0,,0,0,0,,0,0,0,,,,,,,,,3,3,100.0,0,9,0.0,,,,,,0,0,,0,,,,,,,True,Phil Dawson
2005,2005-12-24,15,16,30.335,CLE,,PIT,L 0-41,False,,,,,,,,,,,,,,,,,,,,,,0,0,0.0,,,,,,0,0,,,,,,,,,False,Phil Dawson
2005,2006-01-01,16,17,30.343,CLE,,BAL,W 20-16,False,0,0,,0,0,0,,0,0,0,,,,,,2,2,100.0,2,2,100.0,0,8,0.0,,,,,,0,0,,0,,,,,,,False,Phil Dawson
2006,2006-09-10,1,1,31.230,CLE,,NOR,L 14-19,False,0,0,,0,0,0,,0,0,,,,,,,2,2,100.0,,,,0,2,0.0,,,,,,0,0,,,,,,,,,False,Phil Dawson
2006,2006-09-17,2,2,31.237,CLE,@,CIN,L 17-34,False,0,0,,0,0,0,,0,0,0,,,,,,2,2,100.0,1,1,100.0,0,5,0.0,0,0,0,0,0,1,31,31.00,0,,,,,,,True,Phil Dawson
2006,2006-09-24,3,3,31.244,CLE,,BAL,L 14-15,False,0,0,,0,0,0,,0,0,,,,,,,2,2,100.0,,,,0,2,0.0,,,,,,0,0,,,,,,,,,False,Phil Dawson
2006,2006-10-01,4,4,31.251,CLE,@,OAK,W 24-21,False,0,0,,0,0,0,,0,0,0,,,,,,3,3,100.0,1,2,50.0,0,6,0.0,,,,,,0,0,,0,,,,,,,True,Phil Dawson
2006,2006-10-08,5,5,31.258,CLE,@,CAR,L 12-20,False,0,0,,0,0,0,,0,0,0,,,,,,,,,4,4,100.0,0,12,0.0,,,,,,0,0,,0,,,,,,,True,Phil Dawson
2006,2006-10-22,6,7,31.272,CLE,,DEN,L 7-17,False,0,0,,0,0,0,,0,0,,,,,,,1,1,100.0,,,,0,1,0.0,0,0,0,0,0,0,0,,,,,,,,,False,Phil Dawson
2006,2006-10-29,7,8,31.279,CLE,,NYJ,W 20-13,False,0,0,,0,0,0,,0,0,0,,,,,,2,2,100.0,2,3,66.7,0,8,0.0,,,,,,0,0,,0,,,,,,,False,Phil Dawson
2006,2006-11-05,8,9,31.286,CLE,@,SDG,L 25-32,False,0,0,,0,0,0,,0,0,0,,,,,,1,1,100.0,6,6,100.0,0,19,0.0,,,,,,0,0,,0,,,,,,,True,Phil Dawson
2006,2006-11-12,9,10,31.293,CLE,@,ATL,W 17-13,False,0,0,,0,0,0,,0,0,0,,,,,,2,2,100.0,1,1,100.0,0,5,0.0,1,0,1,0,0,0,0,,0,,,,,,,True,Phil Dawson
2006,2006-11-19,10,11,31.300,CLE,,PIT,L 20-24,False,0,0,,0,0,0,,0,0,0,,,,,,2,2,100.0,2,3,66.7,0,8,0.0,1,0,1,0,0,0,0,,0,,,,,,,False,Phil Dawson
2006,2006-11-26,11,12,31.307,CLE,,CIN,L 0-30,False,0,0,,0,0,0,,0,0,0,,,,,,,,,,1,0.0,0,0,0.0,,,,,,0,0,,0,,,,,,,False,Phil Dawson
2006,2006-12-03,12,13,31.314,CLE,,KAN,W 31-28,False,0,0,,0,0,0,,0,0,0,,,,,,4,4,100.0,1,1,100.0,0,7,0.0,,,,,,0,0,,0,,,,,,,False,Phil Dawson
2006,2006-12-07,13,14,31.318,CLE,@,PIT,L 7-27,False,0,0,,0,0,0,,0,0,0,,,,,,1,1,100.0,,1,0.0,0,1,0.0,0,0,0,0,0,0,0,,0,,,,,,,True,Phil Dawson
2006,2006-12-17,14,15,31.328,CLE,@,BAL,L 17-27,False,0,0,,0,0,0,,0,0,0,,,,,,2,2,100.0,1,2,50.0,0,5,0.0,0,0,0,0,0,0,0,,0,,,,,,,True,Phil Dawson
2006,2006-12-24,15,16,31.335,CLE,,TAM,L 7-22,False,0,0,,0,0,0,,0,0,0,,,,,,1,1,100.0,,1,0.0,0,1,0.0,,,,,,1,27,27.00,0,,,,,,,False,Phil Dawson
2006,2006-12-31,16,17,31.342,CLE,@,HOU,L 6-14,False,0,0,,0,0,0,,0,0,0,,,,,,,,,2,3,66.7,0,6,0.0,,,,,,0,0,,0,,,,,,,True,Phil Dawson
2007,2007-09-09,1,1,32.229,CLE,,PIT,L 7-34,False,0,0,,0,0,0,,0,0,,,,,,,1,1,100.0,,,,0,1,0.0,,,,,,0,0,,,,,,,,,False,Phil Dawson
2007,2007-09-16,2,2,32.236,CLE,,CIN,W 51-45,False,0,0,,0,0,0,,0,0,0,,,,,,6,6,100.0,3,3,100.0,0,15,0.0,,,,,,0,0,,0,,,,,,,False,Phil Dawson
2007,2007-09-23,3,3,32.243,CLE,@,OAK,L 24-26,False,0,0,,0,0,0,,0,0,0,,,,,,3,3,100.0,1,2,50.0,0,6,0.0,,,,,,0,0,,0,,,,,,,True,Phil Dawson
2007,2007-09-30,4,4,32.250,CLE,,BAL,W 27-13,False,0,0,,0,0,0,,0,0,0,,,,,,3,3,100.0,2,2,100.0,0,9,0.0,,,,,,0,0,,0,,,,,,,False,Phil Dawson
2007,2007-10-07,5,5,32.257,CLE,@,NWE,L 17-34,False,0,0,,0,0,0,,0,0,0,,,,,,2,2,100.0,1,1,100.0,0,5,0.0,,,,,,0,0,,0,,,,,,,True,Phil Dawson
2007,2007-10-14,6,6,32.264,CLE,,MIA,W 41-31,False,0,0,,0,0,0,,0,0,0,,,,,,5,5,100.0,2,2,100.0,0,11,0.0,,,,,,0,0,,0,,,,,,,False,Phil Dawson
2007,2007-10-28,7,8,32.278,CLE,@,STL,W 27-20,False,0,0,,0,0,0,,0,0,0,,,,,,3,3,100.0,2,2,100.0,0,9,0.0,,,,,,0,0,,0,,,,,,,True,Phil Dawson
2007,2007-11-04,8,9,32.285,CLE,,SEA,W 33-30,False,0,0,,0,0,0,,0,0,0,,,,,,1,2,50.0,2,2,100.0,0,7,0.0,,,,,,0,0,,0,,,,,,,False,Phil Dawson
2007,2007-11-11,9,10,32.292,CLE,@,PIT,L 28-31,False,0,0,,0,0,0,,0,0,0,,,,,,4,4,100.0,,1,0.0,0,4,0.0,,,,,,0,0,,0,,,,,,,True,Phil Dawson
2007,2007-11-18,10,11,32.299,CLE,@,BAL,W 33-30,False,0,0,,0,0,0,,0,0,0,,,,,,3,3,100.0,4,5,80.0,0,15,0.0,,,,,,0,0,,0,,,,,,,True,Phil Dawson
2007,2007-11-25,11,12,32.306,CLE,,HOU,W 27-17,False,0,0,,0,0,0,,0,0,0,,,,,,3,3,100.0,2,2,100.0,0,9,0.0,,,,,,0,0,,0,,,,,,,False,Phil Dawson
2007,2007-12-02,12,13,32.313,CLE,@,ARI,L 21-27,False,0,0,,0,0,0,,0,0,0,,,,,,1,1,100.0,2,2,100.0,0,7,0.0,,,,,,0,0,,0,,,,,,,True,Phil Dawson
2007,2007-12-09,13,14,32.320,CLE,@,NYJ,W 24-18,False,0,0,,0,0,0,,0,0,0,,,,,,3,3,100.0,1,1,100.0,0,6,0.0,,,,,,0,0,,0,,,,,,,True,Phil Dawson
2007,2007-12-16,14,15,32.327,CLE,,BUF,W 8-0,False,0,0,,0,0,0,,0,0,0,,,,,,,,,2,2,100.0,0,6,0.0,,,,,,0,0,,0,,,,,,,False,Phil Dawson
2007,2007-12-23,15,16,32.334,CLE,@,CIN,L 14-19,False,0,0,,0,0,0,,0,0,,,,,,,2,2,100.0,,,,0,2,0.0,,,,,,0,0,,,,,,,,,True,Phil Dawson
2007,2007-12-30,16,17,32.341,CLE,,SFO,W 20-7,False,0,0,,0,0,0,,0,0,0,,,,,,2,2,100.0,2,3,66.7,0,8,0.0,,,,,,0,0,,0,,,,,,,False,Phil Dawson
2008,2008-09-07,1,1,33.228,CLE,,DAL,L 10-28,False,0,0,,0,0,0,,0,0,0,,,,,,1,1,100.0,1,1,100.0,0,4,0.0,0,0,0,,,0,0,,0,,,,,,,False,Phil Dawson
2008,2008-09-14,2,2,33.235,CLE,,PIT,L 6-10,False,0,0,,0,0,0,,0,0,0,,,,,,,,,2,2,100.0,0,6,0.0,0,0,0,,,0,0,,0,,,,,,,False,Phil Dawson
2008,2008-09-21,3,3,33.242,CLE,@,BAL,L 10-28,False,0,0,,0,0,0,,0,0,0,,,,,,1,1,100.0,1,1,100.0,0,4,0.0,0,0,0,,,0,0,,0,,,,,,,True,Phil Dawson
2008,2008-09-28,4,4,33.249,CLE,@,CIN,W 20-12,False,0,0,,0,0,0,,0,0,0,,,,,,2,2,100.0,2,2,100.0,0,8,0.0,0,0,0,,,1,33,33.00,0,,,,,,,True,Phil Dawson
2008,2008-10-13,5,6,33.264,CLE,,NYG,W 35-14,False,0,0,,0,0,0,,0,0,0,,,,,,3,3,100.0,2,3,66.7,0,9,0.0,0,0,0,,,0,0,,0,,,,,,,False,Phil Dawson
2008,2008-10-19,6,7,33.270,CLE,@,WAS,L 11-14,False,0,0,,0,0,0,,0,0,0,,,,,,,,,1,2,50.0,0,3,0.0,0,0,0,,,0,0,,0,,,,,,,True,Phil Dawson
2008,2008-10-26,7,8,33.277,CLE,@,JAX,W 23-17,False,0,0,,0,0,0,,0,0,0,,,,,,2,2,100.0,3,3,100.0,0,11,0.0,0,0,0,,,0,0,,0,,,,,,,True,Phil Dawson
2008,2008-11-02,8,9,33.284,CLE,,BAL,L 27-37,False,0,0,,0,0,0,,0,0,0,,,,,,3,3,100.0,2,2,100.0,0,9,0.0,0,0,0,,,0,0,,0,,,,,,,False,Phil Dawson
2008,2008-11-06,9,10,33.288,CLE,,DEN,L 30-34,False,0,0,,0,0,0,,0,0,0,,,,,,3,3,100.0,3,3,100.0,0,12,0.0,0,0,0,,,0,0,,0,,,,,,,False,Phil Dawson
2008,2008-11-17,10,11,33.299,CLE,@,BUF,W 29-27,False,0,0,,0,0,0,,0,0,0,,,,,,2,2,100.0,5,5,100.0,0,17,0.0,0,0,0,,,0,0,,0,,,,,,,True,Phil Dawson
2008,2008-11-23,11,12,33.305,CLE,,HOU,L 6-16,False,0,0,,0,0,0,,0,0,0,,,,,,,,,2,3,66.7,0,6,0.0,0,0,0,,,0,0,,0,,,,,,,False,Phil Dawson
2008,2008-11-30,12,13,33.312,CLE,,IND,L 6-10,False,0,0,,0,0,0,,0,0,0,,,,,,,,,2,3,66.7,0,6,0.0,0,0,0,,,0,0,,0,,,,,,,False,Phil Dawson
2008,2008-12-07,13,14,33.319,CLE,@,TEN,L 9-28,False,0,0,,0,0,0,,0,0,0,,,,,,,,,3,4,75.0,0,9,0.0,0,0,0,,,0,0,,0,,,,,,,True,Phil Dawson
2008,2008-12-15,14,15,33.327,CLE,@,PHI,L 10-30,False,0,0,,0,0,0,,0,0,0,,,,,,1,1,100.0,1,1,100.0,0,4,0.0,0,0,0,,,0,0,,0,,,,,,,True,Phil Dawson
2008,2008-12-21,15,16,33.333,CLE,,CIN,L 0-14,False,,,,,,,,,,,,,,,,,,,,,,0,0,0.0,,,,,,0,0,,,,,,,,,False,Phil Dawson
2008,2008-12-28,16,17,33.340,CLE,@,PIT,L 0-31,False,0,0,,0,0,0,,0,0,0,,,,,,,,,,1,0.0,0,0,0.0,0,0,0,,,0,0,,0,,,,,,,True,Phil Dawson
2009,2009-09-13,1,1,34.233,CLE,,MIN,L 20-34,False,0,0,,0,0,0,,0,0,0,,0,,,,2,2,100.0,2,2,100.0,0,8,0.0,0,0,0,,,0,0,,0,,,,,,,False,Phil Dawson
2009,2009-09-20,2,2,34.240,CLE,@,DEN,L 6-27,False,0,0,,0,0,0,,0,0,0,,0,,,,,,,2,2,100.0,0,6,0.0,0,0,0,,,0,0,,0,,,,,,,True,Phil Dawson
2009,2009-09-27,3,3,,CLE,@,BAL,L 3-34,True,Inactive,Inactive,Inactive,Inactive,Inactive,Inactive,Inactive,Inactive,Inactive,Inactive,Inactive,Inactive,Inactive,Inactive,Inactive,Inactive,Inactive,Inactive,Inactive,Inactive,Inactive,Inactive,Inactive,Inactive,Inactive,Inactive,Inactive,Inactive,Inactive,Inactive,Inactive,Inactive,Inactive,Inactive,Inactive,Inactive,Inactive,Inactive,Inactive,True,Phil Dawson
2009,2009-10-04,4,4,,CLE,,CIN,L 20-23,True,Inactive,Inactive,Inactive,Inactive,Inactive,Inactive,Inactive,Inactive,Inactive,Inactive,Inactive,Inactive,Inactive,Inactive,Inactive,Inactive,Inactive,Inactive,Inactive,Inactive,Inactive,Inactive,Inactive,Inactive,Inactive,Inactive,Inactive,Inactive,Inactive,Inactive,Inactive,Inactive,Inactive,Inactive,Inactive,Inactive,Inactive,Inactive,Inactive,False,Phil Dawson
2009,2009-10-11,5,5,,CLE,@,BUF,W 6-3,True,Inactive,Inactive,Inactive,Inactive,Inactive,Inactive,Inactive,Inactive,Inactive,Inactive,Inactive,Inactive,Inactive,Inactive,Inactive,Inactive,Inactive,Inactive,Inactive,Inactive,Inactive,Inactive,Inactive,Inactive,Inactive,Inactive,Inactive,Inactive,Inactive,Inactive,Inactive,Inactive,Inactive,Inactive,Inactive,Inactive,Inactive,Inactive,Inactive,True,Phil Dawson
2009,2009-10-18,6,6,,CLE,@,PIT,L 14-27,True,Inactive,Inactive,Inactive,Inactive,Inactive,Inactive,Inactive,Inactive,Inactive,Inactive,Inactive,Inactive,Inactive,Inactive,Inactive,Inactive,Inactive,Inactive,Inactive,Inactive,Inactive,Inactive,Inactive,Inactive,Inactive,Inactive,Inactive,Inactive,Inactive,Inactive,Inactive,Inactive,Inactive,Inactive,Inactive,Inactive,Inactive,Inactive,Inactive,True,Phil Dawson
2009,2009-10-25,7,7,,CLE,,GNB,L 3-31,True,Inactive,Inactive,Inactive,Inactive,Inactive,Inactive,Inactive,Inactive,Inactive,Inactive,Inactive,Inactive,Inactive,Inactive,Inactive,Inactive,Inactive,Inactive,Inactive,Inactive,Inactive,Inactive,Inactive,Inactive,Inactive,Inactive,Inactive,Inactive,Inactive,Inactive,Inactive,Inactive,Inactive,Inactive,Inactive,Inactive,Inactive,Inactive,Inactive,False,Phil Dawson
2009,2009-11-01,8,8,34.282,CLE,@,CHI,L 6-30,False,0,0,,0,0,0,,0,0,0,,0,,,,,1,0.0,,,,0,0,0.0,0,0,0,,,0,0,,0,,,,,,,True,Phil Dawson
2009,2009-11-16,9,10,34.297,CLE,,BAL,L 0-16,False,,,,,,,,,,,,0,,,,,,,,,,0,0,0.0,,,,,,0,0,,,,,,,,,False,Phil Dawson
2009,2009-11-22,10,11,34.303,CLE,@,DET,L 37-38,False,0,0,,0,1,1,100.00,10,0,0,108.3,0,0,10.00,10.00,3,3,100.0,2,2,100.0,0,9,0.0,0,0,0,,,0,0,,0,,,,,,,True,Phil Dawson
2009,2009-11-29,11,12,34.310,CLE,@,CIN,L 7-16,False,0,0,,0,0,0,,0,0,0,,0,,,,1,1,100.0,,,,0,1,0.0,0,0,0,,,0,0,,0,,,,,,,True,Phil Dawson
2009,2009-12-06,12,13,34.317,CLE,,SDG,L 23-30,False,0,0,,0,0,0,,0,0,0,,0,,,,2,2,100.0,1,2,50.0,0,5,0.0,0,0,0,,,0,0,,0,,,,,,,False,Phil Dawson
2009,2009-12-10,13,14,34.321,CLE,,PIT,W 13-6,False,0,0,,0,0,0,,0,0,0,,0,,,,1,1,100.0,2,2,100.0,0,7,0.0,0,0,0,,,0,0,,0,,,,,,,False,Phil Dawson
2009,2009-12-20,14,15,34.331,CLE,@,KAN,W 41-34,False,0,0,,0,0,0,,0,0,0,,0,,,,5,5,100.0,2,3,66.7,0,11,0.0,0,0,0,,,0,0,,0,,,,,,,True,Phil Dawson
2009,2009-12-27,15,16,34.338,CLE,,OAK,W 23-9,False,0,0,,0,0,0,,0,0,0,,0,,,,2,2,100.0,3,3,100.0,0,11,0.0,0,0,0,,,0,0,,0,,,,,,,False,Phil Dawson
2009,2010-01-03,16,17,34.345,CLE,,JAX,W 23-17,False,0,0,,0,0,0,,0,0,0,,0,,,,2,2,100.0,3,3,100.0,0,11,0.0,0,0,0,,,0,0,,0,,,,,,,False,Phil Dawson
2010,2010-09-12,1,1,35.232,CLE,@,TAM,L 14-17,False,0,0,,0,0,0,,0,0,0,,,,,,2,2,100.0,,1,0.0,0,2,0.0,1,0,1,0,0,0,0,,0,,,,,,,True,Phil Dawson
2010,2010-09-19,2,2,35.239,CLE,,KAN,L 14-16,False,0,0,,0,0,0,,0,0,0,,,,,,2,2,100.0,,1,0.0,0,2,0.0,0,0,0,,,0,0,,0,,,,,,,False,Phil Dawson
2010,2010-09-26,3,3,35.246,CLE,@,BAL,L 17-24,False,0,0,,0,0,0,,0,0,0,,,,,,2,2,100.0,1,1,100.0,0,5,0.0,0,0,0,,,0,0,,0,,,,,,,True,Phil Dawson
2010,2010-10-03,4,4,35.253,CLE,,CIN,W 23-20,False,0,0,,0,0,0,,0,0,0,,,,,,2,2,100.0,3,3,100.0,0,11,0.0,0,0,0,,,0,0,,0,,,,,,,False,Phil Dawson
2010,2010-10-10,5,5,35.260,CLE,,ATL,L 10-20,False,0,0,,0,0,0,,0,0,0,,,,,,1,1,100.0,1,1,100.0,0,4,0.0,0,0,0,,,0,0,,0,,,,,,,False,Phil Dawson
2010,2010-10-17,6,6,35.267,CLE,@,PIT,L 10-28,False,0,0,,0,0,0,,0,0,0,,,,,,1,1,100.0,1,1,100.0,0,4,0.0,0,0,0,,,0,0,,0,,,,,,,True,Phil Dawson
2010,2010-10-24,7,7,35.274,CLE,@,NOR,W 30-17,False,0,0,,0,0,0,,0,0,0,,,,,,3,3,100.0,3,3,100.0,0,12,0.0,0,0,0,,,0,0,,0,,,,,,,True,Phil Dawson
2010,2010-11-07,8,9,35.288,CLE,,NWE,W 34-14,False,0,0,,0,0,0,,0,0,0,,,,,,4,4,100.0,2,2,100.0,0,10,0.0,0,0,0,,,0,0,,0,,,,,,,False,Phil Dawson
2010,2010-11-14,9,10,35.295,CLE,,NYJ,L 20-26,False,0,0,,0,0,0,,0,0,0,,,,,,2,2,100.0,2,2,100.0,0,8,0.0,0,0,0,,,0,0,,0,,,,,,,False,Phil Dawson
2010,2010-11-21,10,11,35.302,CLE,@,JAX,L 20-24,False,0,0,,0,0,0,,0,0,0,,,,,,2,2,100.0,2,4,50.0,0,8,0.0,0,0,0,,,0,0,,0,,,,,,,True,Phil Dawson
2010,2010-11-28,11,12,35.309,CLE,,CAR,W 24-23,False,0,0,,0,0,0,,0,0,0,,,,,,3,3,100.0,1,1,100.0,0,6,0.0,0,0,0,,,0,0,,0,,,,,,,False,Phil Dawson
2010,2010-12-05,12,13,35.316,CLE,@,MIA,W 13-10,False,0,0,,0,0,0,,0,0,0,,,,,,1,1,100.0,2,3,66.7,0,7,0.0,0,0,0,,,0,0,,0,,,,,,,True,Phil Dawson
2010,2010-12-12,13,14,35.323,CLE,@,BUF,L 6-13,False,0,0,,0,0,0,,0,0,0,,,,,,,,,2,2,100.0,0,6,0.0,0,0,0,,,0,0,,0,,,,,,,True,Phil Dawson
2010,2010-12-19,14,15,35.330,CLE,@,CIN,L 17-19,False,0,0,,0,0,0,,0,0,0,,,,,,2,2,100.0,1,1,100.0,0,5,0.0,0,0,0,,,0,0,,0,,,,,,,True,Phil Dawson
2010,2010-12-26,15,16,35.337,CLE,,BAL,L 10-20,False,0,0,,0,0,0,,0,0,0,,,,,,1,1,100.0,1,1,100.0,0,4,0.0,0,0,0,,,0,0,,0,,,,,,,False,Phil Dawson
2010,2011-01-02,16,17,35.344,CLE,,PIT,L 9-41,False,0,0,,0,0,0,,0,0,0,,,,,,,,,1,1,100.0,0,3,0.0,0,0,0,,,0,0,,0,,,,,,,False,Phil Dawson
2011,2011-09-11,1,1,36.231,CLE,,CIN,L 17-27,False,0,0,,0,0,0,,0,0,0,,0,0,,,2,2,100.0,1,1,100.0,0,5,0.0,0,0,0,,,0,0,,0,,,,,,,False,Phil Dawson
2011,2011-09-18,2,2,36.238,CLE,@,IND,W 27-19,False,0,0,,0,0,0,,0,0,0,,0,0,,,3,3,100.0,2,2,100.0,0,9,0.0,0,0,0,,,0,0,,0,,,,,,,True,Phil Dawson
2011,2011-09-25,3,3,36.245,CLE,,MIA,W 17-16,False,0,0,,0,0,0,,0,0,0,,0,0,,,2,2,100.0,1,1,100.0,0,5,0.0,0,0,0,,,0,0,,0,,,,,,,False,Phil Dawson
2011,2011-10-02,4,4,36.252,CLE,,TEN,L 13-31,False,0,0,,0,0,0,,0,0,0,,0,0,,,1,1,100.0,2,2,100.0,0,7,0.0,0,0,0,,,0,0,,0,,,,,,,False,Phil Dawson
2011,2011-10-16,5,6,36.266,CLE,@,OAK,L 17-24,False,0,0,,0,0,0,,0,0,0,,0,0,,,2,2,100.0,1,1,100.0,0,5,0.0,0,0,0,,,0,0,,0,,,,,,,True,Phil Dawson
2011,2011-10-23,6,7,36.273,CLE,,SEA,W 6-3,False,0,0,,0,0,0,,0,0,0,,0,0,,,,,,2,4,50.0,0,6,0.0,1,0,1,0,0,0,0,,0,,,,,,,False,Phil Dawson
2011,2011-10-30,7,8,36.280,CLE,@,SFO,L 10-20,False,0,0,,0,0,0,,0,0,0,,0,0,,,1,1,100.0,1,1,100.0,0,4,0.0,0,0,0,,,0,0,,0,,,,,,,True,Phil Dawson
2011,2011-11-06,8,9,36.287,CLE,@,HOU,L 12-30,False,0,0,,0,0,0,,0,0,0,,0,0,,,,,,2,2,100.0,0,6,0.0,0,0,0,,,0,0,,0,,,,,,,True,Phil Dawson
2011,2011-11-13,9,10,36.294,CLE,,STL,L 12-13,False,0,0,,0,0,0,,0,0,0,,0,0,,,,,,4,5,80.0,0,12,0.0,0,0,0,,,0,0,,0,,,,,,,False,Phil Dawson
2011,2011-11-20,10,11,36.301,CLE,,JAX,W 14-10,False,0,0,,0,0,0,,0,0,0,,0,0,,,2,2,100.0,,1,0.0,0,2,0.0,0,0,0,,,0,0,,0,,,,,,,False,Phil Dawson
2011,2011-11-27,11,12,36.308,CLE,@,CIN,L 20-23,False,0,0,,0,0,0,,0,0,0,,0,0,,,2,2,100.0,2,3,66.7,0,8,0.0,0,0,0,,,0,0,,0,,,,,,,True,Phil Dawson
2011,2011-12-04,12,13,36.315,CLE,,BAL,L 10-24,False,0,0,,0,0,0,,0,0,0,,0,0,,,1,1,100.0,1,1,100.0,0,4,0.0,0,0,0,,,0,0,,0,,,,,,,False,Phil Dawson
2011,2011-12-08,13,14,36.319,CLE,@,PIT,L 3-14,False,0,0,,0,0,0,,0,0,0,,0,0,,,,,,1,1,100.0,0,3,0.0,0,0,0,,,0,0,,0,,,,,,,True,Phil Dawson
2011,2011-12-18,14,15,36.329,CLE,@,ARI,L 17-20,False,0,0,,0,0,0,,0,0,0,,0,0,,,2,2,100.0,1,1,100.0,0,5,0.0,0,0,0,,,0,0,,0,,,,,,,True,Phil Dawson
2011,2011-12-24,15,16,36.335,CLE,@,BAL,L 14-20,False,0,0,,0,0,0,,0,0,0,,0,0,,,2,2,100.0,,,,0,2,0.0,0,0,0,0,0,0,0,,0,,,,,,,True,Phil Dawson
2011,2012-01-01,16,17,36.343,CLE,,PIT,L 9-13,False,0,0,,0,0,0,,0,0,0,,0,0,,,,,,3,3,100.0,0,9,0.0,0,0,0,,,0,0,,0,,,,,,,False,Phil Dawson
2012,2012-09-09,1,1,37.230,CLE,,PHI,L 16-17,False,0,0,,0,0,0,,0,0,0,,0,0,,,1,1,100.0,3,3,100.0,0,10,0.0,0,0,0,,,0,0,,0,0,0%,0,0%,9,30%,False,Phil Dawson
2012,2012-09-16,2,2,37.237,CLE,@,CIN,L 27-34,False,0,0,,0,0,0,,0,0,0,,0,0,,,3,3,100.0,2,2,100.0,0,9,0.0,0,0,0,,,0,0,,0,0,0%,0,0%,11,35%,True,Phil Dawson
2012,2012-09-23,3,3,37.244,CLE,,BUF,L 14-24,False,0,0,,0,0,0,,0,0,0,,0,0,,,2,2,100.0,,,,0,2,0.0,0,0,0,,,0,0,,0,0,0%,0,0%,5,18%,False,Phil Dawson
2012,2012-09-27,4,4,37.248,CLE,@,BAL,L 16-23,False,0,0,,0,0,0,,0,0,0,,0,0,,,1,1,100.0,3,3,100.0,0,10,0.0,0,0,0,,,0,0,,0,0,0%,0,0%,9,27%,True,Phil Dawson
2012,2012-10-07,5,5,37.258,CLE,@,NYG,L 27-41,False,0,0,,0,0,0,,0,0,0,,0,0,,,3,3,100.0,2,2,100.0,0,9,0.0,0,0,0,,,0,0,,0,0,0%,0,0%,11,37%,True,Phil Dawson
2012,2012-10-14,6,6,37.265,CLE,,CIN,W 34-24,False,0,0,,0,0,0,,0,0,0,,0,0,,,4,4,100.0,2,2,100.0,0,10,0.0,0,1,1,,,0,0,,0,0,0%,0,0%,13,35%,False,Phil Dawson
2012,2012-10-21,7,7,37.272,CLE,@,IND,L 13-17,False,0,0,,0,0,0,,0,0,0,,0,0,,,1,1,100.0,,,,0,1,0.0,0,0,0,,,0,0,,0,0,0%,0,0%,5,22%,True,Phil Dawson
2012,2012-10-28,8,8,37.279,CLE,,SDG,W 7-6,False,0,0,,0,0,0,,0,0,0,,0,0,,,1,1,100.0,,,,0,1,0.0,0,0,0,,,0,0,,0,0,0%,0,0%,3,14%,False,Phil Dawson
2012,2012-11-04,9,9,37.286,CLE,,BAL,L 15-25,False,0,0,,0,0,0,,0,0,0,,0,0,,,,,,5,5,100.0,0,15,0.0,0,0,0,,,0,0,,0,0,0%,0,0%,11,37%,False,Phil Dawson
2012,2012-11-18,10,11,37.300,CLE,@,DAL,L 20-23,False,0,0,,0,0,0,,0,0,0,,0,0,,,2,2,100.0,2,2,100.0,0,8,0.0,0,0,0,,,0,0,,0,0,0%,0,0%,10,31%,True,Phil Dawson
2012,2012-11-25,11,12,37.307,CLE,,PIT,W 20-14,False,0,0,,0,0,0,,0,0,0,,0,0,,,2,2,100.0,2,2,100.0,0,8,0.0,0,0,0,,,0,0,,0,0,0%,0,0%,9,30%,False,Phil Dawson
2012,2012-12-02,12,13,37.314,CLE,@,OAK,W 20-17,False,0,0,,0,0,0,,0,0,0,,0,0,,,2,2,100.0,2,3,66.7,0,8,0.0,0,0,0,,,0,0,,0,0,0%,0,0%,10,38%,True,Phil Dawson
2012,2012-12-09,13,14,37.321,CLE,,KAN,W 30-7,False,0,0,,0,0,0,,0,0,0,,0,0,,,3,3,100.0,3,3,100.0,0,12,0.0,0,0,0,,,0,0,,0,0,0%,0,0%,13,45%,False,Phil Dawson
2012,2012-12-16,14,15,37.328,CLE,,WAS,L 21-38,False,0,0,,0,0,0,,0,0,0,,0,0,,,3,3,100.0,,,,0,3,0.0,0,0,0,,,0,0,,0,0,0%,0,0%,7,23%,False,Phil Dawson
2012,2012-12-23,15,16,37.335,CLE,@,DEN,L 12-34,False,0,0,,0,0,0,,0,0,0,,0,0,,,,,,2,2,100.0,0,6,0.0,0,0,0,,,0,0,,0,0,0%,0,0%,6,23%,True,Phil Dawson
2012,2012-12-30,16,17,37.342,CLE,@,PIT,L 10-24,False,0,0,,0,0,0,,0,0,0,,0,0,,,1,1,100.0,1,2,50.0,0,4,0.0,0,0,0,,,0,0,,0,0,0%,0,0%,6,24%,True,Phil Dawson
2013,2013-09-08,1,1,38.228,SFO,,GNB,W 34-28,False,0,0,,0,0,0,,0,0,0,,0,0,,,4,4,100.0,2,3,66.7,0,10,0.0,0,0,0,,,0,0,,0,0,0%,0,0%,14,41%,False,Phil Dawson
2013,2013-09-15,2,2,38.235,SFO,@,SEA,L 3-29,False,0,0,,0,0,0,,0,0,0,,0,0,,,,,,1,1,100.0,0,3,0.0,0,0,0,,,0,0,,0,0,0%,0,0%,3,12%,True,Phil Dawson
2013,2013-09-22,3,3,38.242,SFO,,IND,L 7-27,False,0,0,,0,0,0,,0,0,0,,0,0,,,1,1,100.0,,,,0,1,0.0,0,0,0,,,0,0,,0,0,0%,0,0%,3,12%,False,Phil Dawson
2013,2013-09-26,4,4,38.246,SFO,@,STL,W 35-11,False,0,0,,0,0,0,,0,0,0,,0,0,,,5,5,100.0,,2,0.0,0,5,0.0,0,0,0,,,0,0,,0,0,0%,0,0%,14,38%,True,Phil Dawson
2013,2013-10-06,5,5,38.256,SFO,,HOU,W 34-3,False,0,0,,0,0,0,,0,0,0,,0,0,,,4,4,100.0,2,2,100.0,0,10,0.0,0,0,0,,,0,0,,0,0,0%,0,0%,13,54%,False,Phil Dawson
2013,2013-10-13,6,6,38.263,SFO,,ARI,W 32-20,False,0,0,,0,0,0,,0,0,0,,0,0,,,3,3,100.0,3,3,100.0,0,12,0.0,0,0,0,,,0,0,,0,0,0%,0,0%,14,44%,False,Phil Dawson
2013,2013-10-20,7,7,38.270,SFO,@,TEN,W 31-17,False,0,0,,0,0,0,,0,0,0,,0,0,,,4,4,100.0,1,1,100.0,0,7,0.0,0,0,0,,,0,0,,0,0,0%,0,0%,11,35%,True,Phil Dawson
2013,2013-10-27,8,8,38.277,SFO,@,JAX,W 42-10,False,0,0,,0,0,0,,0,0,0,,0,0,,,6,6,100.0,,,,0,6,0.0,0,0,0,,,0,0,,0,0,0%,0,0%,13,57%,True,Phil Dawson
2013,2013-11-10,9,10,38.291,SFO,,CAR,L 9-10,False,0,0,,0,0,0,,0,0,0,,0,0,,,,,,3,3,100.0,0,9,0.0,0,0,0,,,0,0,,0,0,0%,0,0%,7,26%,False,Phil Dawson
2013,2013-11-17,10,11,38.298,SFO,@,NOR,L 20-23,False,0,0,,0,0,0,,0,0,0,,0,0,,,2,2,100.0,2,2,100.0,0,8,0.0,0,0,0,,,0,0,,0,0,0%,0,0%,9,31%,True,Phil Dawson
2013,2013-11-25,11,12,38.306,SFO,@,WAS,W 27-6,False,0,0,,0,0,0,,0,0,0,,0,0,,,3,3,100.0,2,2,100.0,0,9,0.0,0,0,0,,,0,0,,0,0,0%,0,0%,11,42%,True,Phil Dawson
2013,2013-12-01,12,13,38.312,SFO,,STL,W 23-13,False,0,0,,0,0,0,,0,0,0,,0,0,,,2,2,100.0,3,3,100.0,0,11,0.0,0,0,0,,,0,0,,0,0,0%,0,0%,11,39%,False,Phil Dawson
2013,2013-12-08,13,14,38.319,SFO,,SEA,W 19-17,False,0,0,,0,0,0,,0,0,0,,0,0,,,1,1,100.0,4,4,100.0,0,13,0.0,0,0,0,,,0,0,,0,0,0%,0,0%,11,39%,False,Phil Dawson
2013,2013-12-15,14,15,38.326,SFO,@,TAM,W 33-14,False,0,0,,0,0,0,,0,0,0,,0,0,,,3,3,100.0,4,4,100.0,0,15,0.0,0,0,0,,,0,0,,0,0,0%,0,0%,15,48%,True,Phil Dawson
2013,2013-12-23,15,16,38.334,SFO,,ATL,W 34-24,False,0,0,,0,0,0,,0,0,0,,0,0,,,4,4,100.0,2,2,100.0,0,10,0.0,0,0,0,,,0,0,,0,0,0%,0,0%,13,43%,False,Phil Dawson
2013,2013-12-29,16,17,38.340,SFO,@,ARI,W 23-20,False,0,0,,0,0,0,,0,0,0,,0,0,,,2,2,100.0,3,4,75.0,0,11,0.0,0,0,0,,,0,0,,0,0,0%,0,0%,11,35%,True,Phil Dawson
2014,2014-09-07,1,1,39.227,SFO,@,DAL,W 28-17,False,0,0,,0,0,0,,0,0,0,,0,0,,,4,4,100.0,,1,0.0,0,4,0.0,0,0,0,,,0,0,,0,0,0%,0,0%,11,46%,True,Phil Dawson
2014,2014-09-14,2,2,39.234,SFO,,CHI,L 20-28,False,0,0,,0,0,0,,0,0,0,,0,0,,,2,2,100.0,2,2,100.0,0,8,0.0,0,0,0,,,0,0,,0,0,0%,0,0%,9,35%,False,Phil Dawson
2014,2014-09-21,3,3,39.241,SFO,@,ARI,L 14-23,False,0,0,,0,0,0,,0,0,0,,0,0,,,2,2,100.0,,1,0.0,0,2,0.0,0,0,0,0,0,0,0,,0,0,0%,0,0%,6,27%,True,Phil Dawson
2014,2014-09-28,4,4,39.248,SFO,,PHI,W 26-21,False,0,0,,0,0,0,,0,0,0,,0,0,,,2,2,100.0,4,4,100.0,0,14,0.0,0,0,0,,,0,0,,0,0,0%,0,0%,13,41%,False,Phil Dawson
2014,2014-10-05,5,5,39.255,SFO,,KAN,W 22-17,False,0,0,,0,0,0,,0,0,0,,0,0,,,1,1,100.0,5,5,100.0,0,16,0.0,0,0,0,,,0,0,,0,0,0%,0,0%,13,48%,False,Phil Dawson
2014,2014-10-13,6,6,39.263,SFO,@,STL,W 31-17,False,0,0,,0,0,0,,0,0,0,,0,0,,,4,4,100.0,1,1,100.0,0,7,0.0,0,0,0,,,0,0,,0,0,0%,0,0%,11,35%,True,Phil Dawson
2014,2014-10-19,7,7,39.269,SFO,@,DEN,L 17-42,False,0,0,,0,0,0,,0,0,0,,0,0,,,2,2,100.0,1,2,50.0,0,5,0.0,0,0,0,,,0,0,,0,0,0%,0,0%,8,27%,True,Phil Dawson
2014,2014-11-02,8,9,39.283,SFO,,STL,L 10-13,False,0,0,,0,0,0,,0,0,0,,0,0,,,1,1,100.0,1,2,50.0,0,4,0.0,0,0,0,,,0,0,,0,0,0%,0,0%,7,25%,False,Phil Dawson
2014,2014-11-09,9,10,39.290,SFO,@,NOR,W 27-24,False,0,0,,0,0,0,,0,0,0,,0,0,,,3,3,100.0,2,2,100.0,0,9,0.0,0,0,0,0,0,0,0,,0,0,0%,0,0%,11,33%,True,Phil Dawson
2014,2014-11-16,10,11,39.297,SFO,@,NYG,W 16-10,False,0,0,,0,0,0,,0,0,0,,0,0,,,1,1,100.0,3,3,100.0,0,10,0.0,1,0,1,0,0,0,0,,0,0,0%,0,0%,10,45%,True,Phil Dawson
2014,2014-11-23,11,12,39.304,SFO,,WAS,W 17-13,False,0,0,,0,0,0,,0,0,0,,0,0,,,2,2,100.0,1,1,100.0,0,5,0.0,0,0,0,,,0,0,,0,0,0%,0,0%,6,22%,False,Phil Dawson
2014,2014-11-27,12,13,39.308,SFO,,SEA,L 3-19,False,0,0,,0,0,0,,0,0,0,,0,0,,,,,,1,1,100.0,0,3,0.0,0,0,0,,,0,0,,0,0,0%,0,0%,3,12%,False,Phil Dawson
2014,2014-12-07,13,14,39.318,SFO,@,OAK,L 13-24,False,0,0,,0,0,0,,0,0,0,,0,0,,,1,1,100.0,2,3,66.7,0,7,0.0,0,0,0,,,0,0,,0,0,0%,0,0%,9,33%,True,Phil Dawson
2014,2014-12-14,14,15,39.325,SFO,@,SEA,L 7-17,False,0,0,,0,0,0,,0,0,0,,0,0,,,1,1,100.0,,,,0,1,0.0,0,0,0,,,0,0,,0,0,0%,0,0%,3,16%,True,Phil Dawson
2014,2014-12-20,15,16,39.331,SFO,,SDG,L 35-38,False,0,0,,0,0,0,,0,0,0,,0,0,,,5,5,100.0,,1,0.0,0,5,0.0,0,0,0,,,0,0,,0,0,0%,0,0%,12,36%,False,Phil Dawson
2014,2014-12-28,16,17,39.339,SFO,,ARI,W 20-17,False,0,0,,0,0,0,,0,0,0,,0,0,,,2,2,100.0,2,2,100.0,0,8,0.0,0,0,0,,,0,0,,0,0,0%,0,0%,9,38%,False,Phil Dawson
2015,2015-09-14,1,1,40.234,SFO,,MIN,W 20-3,False,0,0,,0,0,0,,0,0,0,,0,0,,,2,2,100.0,2,3,66.7,0,8,0.0,0,0,0,,,0,0,,0,0,0%,0,0%,5,23%,False,Phil Dawson
2015,2015-09-20,2,2,40.240,SFO,@,PIT,L 18-43,False,0,0,,0,0,0,,0,0,0,,0,0,,,1,1,100.0,1,1,100.0,0,4,0.0,0,0,0,,,0,0,,0,0,0%,0,0%,2,8%,True,Phil Dawson
2015,2015-09-27,3,3,40.247,SFO,@,ARI,L 7-47,False,0,0,,0,0,0,,0,0,0,,0,0,,,1,1,100.0,,,,0,1,0.0,0,0,0,,,0,0,,0,0,0%,0,0%,1,3%,True,Phil Dawson
2015,2015-10-04,4,4,40.254,SFO,,GNB,L 3-17,False,0,0,,0,0,0,,0,0,0,,0,0,,,,,,1,1,100.0,0,3,0.0,0,0,0,,,0,0,,0,0,0%,0,0%,1,4%,False,Phil Dawson
2015,2015-10-11,5,5,40.261,SFO,@,NYG,L 27-30,False,0,0,,0,0,0,,0,0,0,,0,0,,,3,3,100.0,2,2,100.0,0,9,0.0,0,0,0,,,0,0,,0,0,0%,0,0%,5,17%,True,Phil Dawson
2015,2015-10-18,6,6,40.268,SFO,,BAL,W 25-20,False,0,0,,0,0,0,,0,0,0,,0,0,,,1,1,100.0,4,4,100.0,0,13,0.0,0,0,0,,,0,0,,0,0,0%,0,0%,5,17%,False,Phil Dawson
2015,2015-10-22,7,7,40.272,SFO,,SEA,L 3-20,False,0,0,,0,0,0,,0,0,0,,0,0,,,,,,1,1,100.0,0,3,0.0,0,0,0,,,0,0,,0,0,0%,0,0%,1,4%,False,Phil Dawson
2015,2015-11-01,8,8,40.282,SFO,@,STL,L 6-27,False,0,0,,0,0,0,,0,0,0,,0,0,,,,,,2,2,100.0,0,6,0.0,0,0,0,,,1,48,48.00,0,0,0%,0,0%,3,9%,True,Phil Dawson
2015,2015-11-08,9,9,40.289,SFO,,ATL,W 17-16,False,0,0,,0,0,0,,0,0,0,,0,0,,,2,2,100.0,1,1,100.0,0,5,0.0,0,0,0,,,0,0,,0,0,0%,0,0%,7,24%,False,Phil Dawson
2015,2015-11-22,10,11,40.303,SFO,@,SEA,L 13-29,False,0,0,,0,0,0,,0,0,0,,0,0,,,1,1,100.0,2,2,100.0,0,7,0.0,0,0,0,,,0,0,,0,0,0%,0,0%,3,10%,True,Phil Dawson
2015,2015-11-29,11,12,40.310,SFO,,ARI,L 13-19,False,0,0,,0,0,0,,0,0,0,,0,0,,,1,1,100.0,2,2,100.0,0,7,0.0,0,0,0,,,0,0,,0,0,0%,0,0%,3,13%,False,Phil Dawson
2015,2015-12-06,12,13,40.317,SFO,@,CHI,W 26-20,False,0,0,,0,0,0,,0,0,0,,0,0,,,2,3,66.7,,,,0,2,0.0,0,0,0,,,0,0,,0,0,0%,0,0%,3,9%,True,Phil Dawson
2015,2015-12-13,13,14,40.324,SFO,@,CLE,L 10-24,False,0,0,,0,0,0,,0,0,0,,0,0,,,1,1,100.0,1,1,100.0,0,4,0.0,0,0,0,,,0,0,,0,0,0%,0,0%,3,12%,True,Phil Dawson
2015,2015-12-20,14,15,40.331,SFO,,CIN,L 14-24,False,0,0,,0,0,0,,0,0,0,,0,0,,,2,2,100.0,,1,0.0,0,2,0.0,0,0,0,,,0,0,,0,0,0%,0,0%,4,13%,False,Phil Dawson
2015,2015-12-27,15,16,40.338,SFO,@,DET,L 17-32,False,0,0,,0,0,0,,0,0,0,,0,0,,,2,2,100.0,1,2,50.0,0,5,0.0,0,0,0,,,0,0,,0,0,0%,0,0%,4,14%,True,Phil Dawson
2015,2016-01-03,16,17,40.345,SFO,,STL,W 19-16,False,0,0,,0,0,0,,0,0,0,,0,0,,,1,1,100.0,4,4,100.0,0,13,0.0,0,0,0,,,0,0,,0,0,0%,0,0%,5,15%,False,Phil Dawson
2016,2016-09-12,1,1,41.233,SFO,,LAR,W 28-0,False,0,0,,0,0,0,,0,0,0,,0,0,,,4,4,100.0,,,,0,4,0.0,0,0,0,,,0,0,,0,0,0%,0,0%,4,15%,False,Phil Dawson
2016,2016-09-18,2,2,41.239,SFO,@,CAR,L 27-46,False,0,0,,0,0,0,,0,0,0,,0,0,,,3,3,100.0,2,2,100.0,0,9,0.0,0,0,0,,,0,0,,0,0,0%,0,0%,11,28%,True,Phil Dawson
2016,2016-09-25,3,3,41.246,SFO,@,SEA,L 18-37,False,0,0,,0,0,0,,0,0,0,,0,0,,,1,1,100.0,1,2,50.0,0,4,0.0,0,0,0,,,0,0,,0,0,0%,0,0%,7,23%,True,Phil Dawson
2016,2016-10-02,4,4,41.253,SFO,,DAL,L 17-24,False,0,0,,0,0,0,,0,0,0,,0,0,,,2,2,100.0,1,1,100.0,0,5,0.0,0,0,0,,,0,0,,0,0,0%,0,0%,4,16%,False,Phil Dawson
2016,2016-10-06,5,5,41.257,SFO,,ARI,L 21-33,False,0,0,,0,0,0,,0,0,0,,0,0,,,3,3,100.0,,,,0,3,0.0,0,0,0,,,0,0,,0,0,0%,0,0%,9,24%,False,Phil Dawson
2016,2016-10-16,6,6,41.267,SFO,@,BUF,L 16-45,False,0,0,,0,0,0,,0,0,0,,0,0,,,1,1,100.0,3,3,100.0,0,10,0.0,0,0,0,,,0,0,,0,0,0%,0,0%,4,12%,True,Phil Dawson
2016,2016-10-23,7,7,41.274,SFO,,TAM,L 17-34,False,0,0,,0,0,0,,0,0,0,,0,0,,,2,2,100.0,1,1,100.0,0,5,0.0,0,0,0,,,0,0,,0,0,0%,0,0%,5,17%,False,Phil Dawson
2016,2016-11-06,8,9,41.288,SFO,,NOR,L 23-41,False,0,0,,0,0,0,,0,0,0,,0,0,,,2,2,100.0,3,3,100.0,0,11,0.0,0,0,0,,,0,0,,0,0,0%,0,0%,5,16%,False,Phil Dawson
2016,2016-11-13,9,10,41.295,SFO,@,ARI,L 20-23,False,0,0,,0,0,0,,0,0,0,,0,0,,,2,2,100.0,2,2,100.0,0,8,0.0,0,0,0,,,0,0,,0,0,0%,0,0%,7,24%,True,Phil Dawson
2016,2016-11-20,10,11,41.302,SFO,,NWE,L 17-30,False,0,0,,0,0,0,,0,0,0,,0,0,,,2,2,100.0,1,1,100.0,0,5,0.0,0,0,0,,,0,0,,0,0,0%,0,0%,7,23%,False,Phil Dawson
2016,2016-11-27,11,12,41.309,SFO,@,MIA,L 24-31,False,0,0,,0,0,0,,0,0,0,,0,0,,,3,3,100.0,1,1,100.0,0,6,0.0,0,0,0,,,0,0,,0,0,0%,0,0%,9,31%,True,Phil Dawson
2016,2016-12-04,12,13,41.316,SFO,@,CHI,L 6-26,False,0,0,,0,0,0,,0,0,0,,0,0,,,,,,2,2,100.0,0,6,0.0,0,0,0,,,0,0,,0,0,0%,0,0%,5,17%,True,Phil Dawson
2016,2016-12-11,13,14,41.323,SFO,,NYJ,L 17-23,False,0,0,,0,0,0,,0,0,0,,0,0,,,2,2,100.0,1,3,33.3,0,5,0.0,0,0,0,,,0,0,,0,0,0%,0,0%,9,30%,False,Phil Dawson
2016,2016-12-18,14,15,41.330,SFO,@,ATL,L 13-41,False,0,0,,0,0,0,,0,0,0,,0,0,,,1,2,50.0,,,,0,1,0.0,0,0,0,,,0,0,,0,0,0%,0,0%,2,7%,True,Phil Dawson
2016,2016-12-24,15,16,41.336,SFO,@,LAR,W 22-21,False,0,0,,0,0,0,,0,0,0,,0,0,,,2,2,100.0,,,,0,2,0.0,0,0,0,,,0,0,,0,0,0%,0,0%,5,17%,True,Phil Dawson
2016,2017-01-01,16,17,41.344,SFO,,SEA,L 23-25,False,0,0,,0,0,0,,0,0,0,,0,0,,,3,3,100.0,,,,0,3,0.0,0,0,0,,,0,0,,0,0,0%,0,0%,5,16%,False,Phil Dawson
2017,2017-09-10,1,1,42.230,ARI,@,DET,L 23-35,False,0,0,,0,0,0,,0,0,0,,0,0,,,2,2,100.0,1,2,50.0,0,5,0.0,0,0,0,,,0,0,,0,0,0%,0,0%,10,33%,True,Phil Dawson
2017,2017-09-17,2,2,42.237,ARI,@,IND,W 16-13,False,0,0,,0,0,0,,0,0,0,,0,0,,,1,1,100.0,3,4,75.0,0,10,0.0,0,0,0,,,0,0,,0,0,0%,0,0%,10,32%,True,Phil Dawson
2017,2017-09-25,3,3,42.245,ARI,,DAL,L 17-28,False,0,0,,0,0,0,,0,0,0,,0,0,,,2,2,100.0,1,2,50.0,0,5,0.0,0,0,0,,,0,0,,0,0,0%,0,0%,8,26%,False,Phil Dawson
2017,2017-10-01,4,4,42.251,ARI,,SFO,W 18-15,False,0,0,,0,0,0,,0,0,0,,0,0,,,,,,4,4,100.0,0,12,0.0,0,0,0,,,0,0,,0,0,0%,0,0%,11,31%,False,Phil Dawson
2017,2017-10-08,5,5,42.258,ARI,@,PHI,L 7-34,False,0,0,,0,0,0,,0,0,0,,0,0,,,1,1,100.0,,1,0.0,0,1,0.0,0,0,0,,,0,0,,0,0,0%,0,0%,4,14%,True,Phil Dawson
2017,2017-10-15,6,6,42.265,ARI,,TAM,W 38-33,False,0,0,,0,0,0,,0,0,0,,0,0,,,5,5,100.0,1,1,100.0,0,8,0.0,0,0,0,,,0,0,,0,0,0%,0,0%,13,50%,False,Phil Dawson
2017,2017-10-22,7,7,42.272,ARI,@,LAR,L 0-33,False,0,0,,0,0,0,,0,0,0,,0,0,,,,,,,1,0.0,0,0,0.0,0,0,0,,,0,0,,0,0,0%,0,0%,2,8%,True,Phil Dawson
2017,2017-11-05,8,9,42.286,ARI,@,SFO,W 20-10,False,0,0,,0,0,0,,0,0,0,,0,0,,,2,2,100.0,2,3,66.7,0,8,0.0,0,0,0,,,0,0,,0,0,0%,0,0%,10,34%,True,Phil Dawson
2017,2017-11-09,9,10,42.290,ARI,,SEA,L 16-22,False,0,0,,0,0,0,,0,0,0,,0,0,,,1,2,50.0,1,1,100.0,0,4,0.0,0,0,0,,,0,0,,0,0,0%,0,0%,7,23%,False,Phil Dawson
2017,2017-11-19,10,11,42.300,ARI,@,HOU,L 21-31,False,0,0,,0,0,0,,0,0,0,,0,0,,,3,3,100.0,,,,0,3,0.0,0,0,0,,,0,0,,0,0,0%,0,0%,7,23%,True,Phil Dawson
2017,2017-11-26,11,12,42.307,ARI,,JAX,W 27-24,False,0,0,,0,0,0,,0,0,0,,0,0,,,1,1,100.0,4,4,100.0,0,13,0.0,1,0,1,0,0,0,0,,0,0,0%,0,0%,12,34%,False,Phil Dawson
2017,2017-12-03,12,13,42.314,ARI,,LAR,L 16-32,False,0,0,,0,0,0,,0,0,0,,0,0,,,1,2,50.0,1,2,50.0,0,4,0.0,0,0,0,,,0,0,,0,0,0%,0,0%,8,26%,False,Phil Dawson
2017,2017-12-10,13,14,42.321,ARI,,TEN,W 12-7,False,0,0,,0,0,0,,0,0,0,,0,0,,,,,,4,5,80.0,0,12,0.0,0,0,0,,,0,0,,0,0,0%,0,0%,10,37%,False,Phil Dawson
2017,2017-12-17,14,15,42.328,ARI,@,WAS,L 15-20,False,0,0,,0,0,0,,0,0,0,,0,0,,,,,,5,5,100.0,0,15,0.0,0,0,0,,,0,0,,0,0,0%,0,0%,11,35%,True,Phil Dawson
2017,2017-12-24,15,16,42.335,ARI,,NYG,W 23-0,False,0,0,,0,0,0,,0,0,0,,0,0,,,2,3,66.7,1,1,100.0,0,5,0.0,0,0,0,,,0,0,,0,0,0%,0,0%,9,38%,False,Phil Dawson
2017,2017-12-31,16,17,42.342,ARI,@,SEA,W 26-24,False,0,0,,0,0,0,,0,0,0,,0,0,,,2,2,100.0,4,4,100.0,0,14,0.0,0,0,0,,,0,0,,0,0,0%,0,0%,13,35%,True,Phil Dawson
2018,2018-09-09,1,1,43.229,ARI,,WAS,L 6-24,False,0,0,,0,0,0,,0,0,0,,0,0,,,,,,,,,0,0,0.0,0,0,0,,,0,0,,0,0,0%,0,0%,2,10%,False,Phil Dawson
2018,2018-09-16,2,2,43.236,ARI,@,LAR,L 0-34,False,0,0,,0,0,0,,0,0,0,,0,0,,,,,,,,,0,0,0.0,0,0,0,,,0,0,,0,0,0%,0,0%,1,6%,True,Phil Dawson
2018,2018-09-23,3,3,43.243,ARI,,CHI,L 14-16,False,0,0,,0,0,0,,0,0,0,,0,0,,,2,2,100.0,,,,0,2,0.0,0,0,0,,,0,0,,0,0,0%,0,0%,5,23%,False,Phil Dawson
2018,2018-09-30,4,4,43.250,ARI,,SEA,L 17-20,False,0,0,,0,0,0,,0,0,0,,0,0,,,2,2,100.0,1,3,33.3,0,5,0.0,0,0,0,,,0,0,,0,0,0%,0,0%,9,32%,False,Phil Dawson
2018,2018-10-07,5,5,43.257,ARI,@,SFO,W 28-18,False,0,0,,0,0,0,,0,0,0,,0,0,,,4,4,100.0,,,,0,4,0.0,0,0,0,,,0,0,,0,0,0%,0,0%,9,33%,True,Phil Dawson
2018,2018-10-14,6,6,43.264,ARI,@,MIN,L 17-27,False,0,0,,0,0,0,,0,0,0,,0,0,,,2,2,100.0,1,1,100.0,0,5,0.0,0,0,0,,,0,0,,0,0,0%,0,0%,7,24%,True,Phil Dawson
2018,2018-10-18,7,7,43.268,ARI,,DEN,L 10-45,False,0,0,,0,0,0,,0,0,0,,0,0,,,1,1,100.0,1,1,100.0,0,4,0.0,0,0,0,,,0,0,,0,0,0%,0,0%,5,16%,False,Phil Dawson
2018,2018-10-28,8,8,43.278,ARI,,SFO,W 18-15,False,0,0,,0,0,0,,0,0,0,,0,0,,,1,1,100.0,1,1,100.0,0,4,0.0,0,0,0,,,0,0,,0,0,0%,0,0%,6,23%,False,Phil Dawson
2018,2018-11-11,9,10,43.292,ARI,@,KAN,L 14-26,False,0,0,,0,0,0,,0,0,0,,0,0,,,2,2,100.0,,,,0,2,0.0,0,0,0,,,0,0,,0,0,0%,0,0%,5,20%,True,Phil Dawson
2018,2018-11-18,10,11,,ARI,,OAK,L 21-23,True,Inactive,Inactive,Inactive,Inactive,Inactive,Inactive,Inactive,Inactive,Inactive,Inactive,Inactive,Inactive,Inactive,Inactive,Inactive,Inactive,Inactive,Inactive,Inactive,Inactive,Inactive,Inactive,Inactive,Inactive,Inactive,Inactive,Inactive,Inactive,Inactive,Inactive,Inactive,Inactive,Inactive,Inactive,Inactive,Inactive,Inactive,Inactive,Inactive,False,Phil Dawson
2018,2018-11-25,11,12,43.306,ARI,@,LAC,L 10-45,False,0,0,,0,0,0,,0,0,0,,0,0,,,1,1,100.0,1,2,50.0,0,4,0.0,0,0,0,,,0,0,,0,0,0%,0,0%,6,21%,True,Phil Dawson
2018,2018-12-02,12,13,,ARI,@,GNB,W 20-17,True,Injured Reserve,Injured Reserve,Injured Reserve,Injured Reserve,Injured Reserve,Injured Reserve,Injured Reserve,Injured Reserve,Injured Reserve,Injured Reserve,Injured Reserve,Injured Reserve,Injured Reserve,Injured Reserve,Injured Reserve,Injured Reserve,Injured Reserve,Injured Reserve,Injured Reserve,Injured Reserve,Injured Reserve,Injured Reserve,Injured Reserve,Injured Reserve,Injured Reserve,Injured Reserve,Injured Reserve,Injured Reserve,Injured Reserve,Injured Reserve,Injured Reserve,Injured Reserve,Injured Reserve,Injured Reserve,Injured Reserve,Injured Reserve,Injured Reserve,Injured Reserve,Injured Reserve,True,Phil Dawson
2018,2018-12-09,13,14,,ARI,,DET,L 3-17,True,Injured Reserve,Injured Reserve,Injured Reserve,Injured Reserve,Injured Reserve,Injured Reserve,Injured Reserve,Injured Reserve,Injured Reserve,Injured Reserve,Injured Reserve,Injured Reserve,Injured Reserve,Injured Reserve,Injured Reserve,Injured Reserve,Injured Reserve,Injured Reserve,Injured Reserve,Injured Reserve,Injured Reserve,Injured Reserve,Injured Reserve,Injured Reserve,Injured Reserve,Injured Reserve,Injured Reserve,Injured Reserve,Injured Reserve,Injured Reserve,Injured Reserve,Injured Reserve,Injured Reserve,Injured Reserve,Injured Reserve,Injured Reserve,Injured Reserve,Injured Reserve,Injured Reserve,False,Phil Dawson
2018,2018-12-16,14,15,,ARI,@,ATL,L 14-40,True,Injured Reserve,Injured Reserve,Injured Reserve,Injured Reserve,Injured Reserve,Injured Reserve,Injured Reserve,Injured Reserve,Injured Reserve,Injured Reserve,Injured Reserve,Injured Reserve,Injured Reserve,Injured Reserve,Injured Reserve,Injured Reserve,Injured Reserve,Injured Reserve,Injured Reserve,Injured Reserve,Injured Reserve,Injured Reserve,Injured Reserve,Injured Reserve,Injured Reserve,Injured Reserve,Injured Reserve,Injured Reserve,Injured Reserve,Injured Reserve,Injured Reserve,Injured Reserve,Injured Reserve,Injured Reserve,Injured Reserve,Injured Reserve,Injured Reserve,Injured Reserve,Injured Reserve,True,Phil Dawson
2018,2018-12-23,15,16,,ARI,,LAR,L 9-31,True,Injured Reserve,Injured Reserve,Injured Reserve,Injured Reserve,Injured Reserve,Injured Reserve,Injured Reserve,Injured Reserve,Injured Reserve,Injured Reserve,Injured Reserve,Injured Reserve,Injured Reserve,Injured Reserve,Injured Reserve,Injured Reserve,Injured Reserve,Injured Reserve,Injured Reserve,Injured Reserve,Injured Reserve,Injured Reserve,Injured Reserve,Injured Reserve,Injured Reserve,Injured Reserve,Injured Reserve,Injured Reserve,Injured Reserve,Injured Reserve,Injured Reserve,Injured Reserve,Injured Reserve,Injured Reserve,Injured Reserve,Injured Reserve,Injured Reserve,Injured Reserve,Injured Reserve,False,Phil Dawson
2018,2018-12-30,16,17,,ARI,@,SEA,L 24-27,True,Injured Reserve,Injured Reserve,Injured Reserve,Injured Reserve,Injured Reserve,Injured Reserve,Injured Reserve,Injured Reserve,Injured Reserve,Injured Reserve,Injured Reserve,Injured Reserve,Injured Reserve,Injured Reserve,Injured Reserve,Injured Reserve,Injured Reserve,Injured Reserve,Injured Reserve,Injured Reserve,Injured Reserve,Injured Reserve,Injured Reserve,Injured Reserve,Injured Reserve,Injured Reserve,Injured Reserve,Injured Reserve,Injured Reserve,Injured Reserve,Injured Reserve,Injured Reserve,Injured Reserve,Injured Reserve,Injured Reserve,Injured Reserve,Injured Reserve,Injured Reserve,Injured Reserve,True,Phil Dawson
,305 Games,,,,,,,108-197-0,False,2,18,9.00,1,1,1,100.00,10,0,0,108.3,0,0,10.00,10.00,518,531,97.6,441,526,83.8,1,1847,0.0,16,4,20,0,0,9,257,28.56,0,,,,,,,False,Phil Dawson
