Year,Date,G#,Week,Age,Tm,Opp,GS,Rushing_Att,Rushing_Yds,Rushing_Y/A,Rushing_TD,Receiving_Tgt,Receiving_Rec,Receiving_Yds,Receiving_Y/R,Receiving_TD,Receiving_Ctch%,Receiving_Y/Tgt,Kick Returns_Rt,Kick Returns_Yds,Kick Returns_Y/Rt,Kick Returns_TD,Scoring_2PM,Scoring_TD,Scoring_Pts,Fumbles_Fmb,Fumbles_FL,Fumbles_FF,Fumbles_FR,Fumbles_Yds,Fumbles_TD,Off. Snaps_Num,Off. Snaps_Pct,Def. Snaps_Num,Def. Snaps_Pct,ST Snaps_Num,ST Snaps_Pct,Away_status,Win,Score,Opp Score,Player
2008,2008-09-07,1,1,21.080,PIT,HOU,False,10,28,2.80,0,0,0,0,,0,0.0%,,2,46,23.00,0,,0,0,0,0,0,0,0,0,,,,,,,False,True,38,17,Rashard Mendenhall
2008,2008-09-14,2,2,21.087,PIT,CLE,False,0,0,,0,0,0,0,,0,0.0%,,2,21,10.50,0,,0,0,0,0,0,0,0,0,,,,,,,True,True,10,6,Rashard Mendenhall
2008,2008-09-21,3,3,21.094,PIT,PHI,False,0,0,,0,2,1,11,11.00,0,50.0%,5.50,2,48,24.00,0,,0,0,0,0,0,0,0,0,,,,,,,True,False,6,15,Rashard Mendenhall
2008,2008-09-29,4,4,21.102,PIT,BAL,True,9,30,3.33,0,1,1,6,6.00,0,100.0%,6.00,0,0,,0,,0,0,0,0,0,0,0,0,,,,,,,False,True,23,20,Rashard Mendenhall
2008,2008-10-05,5,5,,PIT,JAX,True,Injured Reserve,Injured Reserve,Injured Reserve,Injured Reserve,Injured Reserve,Injured Reserve,Injured Reserve,Injured Reserve,Injured Reserve,Injured Reserve,Injured Reserve,Injured Reserve,Injured Reserve,Injured Reserve,Injured Reserve,Injured Reserve,Injured Reserve,Injured Reserve,Injured Reserve,Injured Reserve,Injured Reserve,Injured Reserve,Injured Reserve,Injured Reserve,Injured Reserve,Injured Reserve,Injured Reserve,Injured Reserve,Injured Reserve,Injured Reserve,True,True,26,21,Rashard Mendenhall
2008,2008-10-19,6,7,,PIT,CIN,True,Injured Reserve,Injured Reserve,Injured Reserve,Injured Reserve,Injured Reserve,Injured Reserve,Injured Reserve,Injured Reserve,Injured Reserve,Injured Reserve,Injured Reserve,Injured Reserve,Injured Reserve,Injured Reserve,Injured Reserve,Injured Reserve,Injured Reserve,Injured Reserve,Injured Reserve,Injured Reserve,Injured Reserve,Injured Reserve,Injured Reserve,Injured Reserve,Injured Reserve,Injured Reserve,Injured Reserve,Injured Reserve,Injured Reserve,Injured Reserve,True,True,38,10,Rashard Mendenhall
2008,2008-10-26,7,8,,PIT,NYG,True,Injured Reserve,Injured Reserve,Injured Reserve,Injured Reserve,Injured Reserve,Injured Reserve,Injured Reserve,Injured Reserve,Injured Reserve,Injured Reserve,Injured Reserve,Injured Reserve,Injured Reserve,Injured Reserve,Injured Reserve,Injured Reserve,Injured Reserve,Injured Reserve,Injured Reserve,Injured Reserve,Injured Reserve,Injured Reserve,Injured Reserve,Injured Reserve,Injured Reserve,Injured Reserve,Injured Reserve,Injured Reserve,Injured Reserve,Injured Reserve,False,False,14,21,Rashard Mendenhall
2008,2008-11-03,8,9,,PIT,WAS,True,Injured Reserve,Injured Reserve,Injured Reserve,Injured Reserve,Injured Reserve,Injured Reserve,Injured Reserve,Injured Reserve,Injured Reserve,Injured Reserve,Injured Reserve,Injured Reserve,Injured Reserve,Injured Reserve,Injured Reserve,Injured Reserve,Injured Reserve,Injured Reserve,Injured Reserve,Injured Reserve,Injured Reserve,Injured Reserve,Injured Reserve,Injured Reserve,Injured Reserve,Injured Reserve,Injured Reserve,Injured Reserve,Injured Reserve,Injured Reserve,True,True,23,6,Rashard Mendenhall
2008,2008-11-09,9,10,,PIT,IND,True,Injured Reserve,Injured Reserve,Injured Reserve,Injured Reserve,Injured Reserve,Injured Reserve,Injured Reserve,Injured Reserve,Injured Reserve,Injured Reserve,Injured Reserve,Injured Reserve,Injured Reserve,Injured Reserve,Injured Reserve,Injured Reserve,Injured Reserve,Injured Reserve,Injured Reserve,Injured Reserve,Injured Reserve,Injured Reserve,Injured Reserve,Injured Reserve,Injured Reserve,Injured Reserve,Injured Reserve,Injured Reserve,Injured Reserve,Injured Reserve,False,False,20,24,Rashard Mendenhall
2008,2008-11-16,10,11,,PIT,SDG,True,Injured Reserve,Injured Reserve,Injured Reserve,Injured Reserve,Injured Reserve,Injured Reserve,Injured Reserve,Injured Reserve,Injured Reserve,Injured Reserve,Injured Reserve,Injured Reserve,Injured Reserve,Injured Reserve,Injured Reserve,Injured Reserve,Injured Reserve,Injured Reserve,Injured Reserve,Injured Reserve,Injured Reserve,Injured Reserve,Injured Reserve,Injured Reserve,Injured Reserve,Injured Reserve,Injured Reserve,Injured Reserve,Injured Reserve,Injured Reserve,False,True,11,10,Rashard Mendenhall
2008,2008-11-20,11,12,,PIT,CIN,True,Injured Reserve,Injured Reserve,Injured Reserve,Injured Reserve,Injured Reserve,Injured Reserve,Injured Reserve,Injured Reserve,Injured Reserve,Injured Reserve,Injured Reserve,Injured Reserve,Injured Reserve,Injured Reserve,Injured Reserve,Injured Reserve,Injured Reserve,Injured Reserve,Injured Reserve,Injured Reserve,Injured Reserve,Injured Reserve,Injured Reserve,Injured Reserve,Injured Reserve,Injured Reserve,Injured Reserve,Injured Reserve,Injured Reserve,Injured Reserve,False,True,27,10,Rashard Mendenhall
2008,2008-11-30,12,13,,PIT,NWE,True,Injured Reserve,Injured Reserve,Injured Reserve,Injured Reserve,Injured Reserve,Injured Reserve,Injured Reserve,Injured Reserve,Injured Reserve,Injured Reserve,Injured Reserve,Injured Reserve,Injured Reserve,Injured Reserve,Injured Reserve,Injured Reserve,Injured Reserve,Injured Reserve,Injured Reserve,Injured Reserve,Injured Reserve,Injured Reserve,Injured Reserve,Injured Reserve,Injured Reserve,Injured Reserve,Injured Reserve,Injured Reserve,Injured Reserve,Injured Reserve,True,True,33,10,Rashard Mendenhall
2008,2008-12-07,13,14,,PIT,DAL,True,Injured Reserve,Injured Reserve,Injured Reserve,Injured Reserve,Injured Reserve,Injured Reserve,Injured Reserve,Injured Reserve,Injured Reserve,Injured Reserve,Injured Reserve,Injured Reserve,Injured Reserve,Injured Reserve,Injured Reserve,Injured Reserve,Injured Reserve,Injured Reserve,Injured Reserve,Injured Reserve,Injured Reserve,Injured Reserve,Injured Reserve,Injured Reserve,Injured Reserve,Injured Reserve,Injured Reserve,Injured Reserve,Injured Reserve,Injured Reserve,False,True,20,13,Rashard Mendenhall
2008,2008-12-14,14,15,,PIT,BAL,True,Injured Reserve,Injured Reserve,Injured Reserve,Injured Reserve,Injured Reserve,Injured Reserve,Injured Reserve,Injured Reserve,Injured Reserve,Injured Reserve,Injured Reserve,Injured Reserve,Injured Reserve,Injured Reserve,Injured Reserve,Injured Reserve,Injured Reserve,Injured Reserve,Injured Reserve,Injured Reserve,Injured Reserve,Injured Reserve,Injured Reserve,Injured Reserve,Injured Reserve,Injured Reserve,Injured Reserve,Injured Reserve,Injured Reserve,Injured Reserve,True,True,13,9,Rashard Mendenhall
2008,2008-12-21,15,16,,PIT,TEN,True,Injured Reserve,Injured Reserve,Injured Reserve,Injured Reserve,Injured Reserve,Injured Reserve,Injured Reserve,Injured Reserve,Injured Reserve,Injured Reserve,Injured Reserve,Injured Reserve,Injured Reserve,Injured Reserve,Injured Reserve,Injured Reserve,Injured Reserve,Injured Reserve,Injured Reserve,Injured Reserve,Injured Reserve,Injured Reserve,Injured Reserve,Injured Reserve,Injured Reserve,Injured Reserve,Injured Reserve,Injured Reserve,Injured Reserve,Injured Reserve,True,False,14,31,Rashard Mendenhall
2008,2008-12-28,16,17,,PIT,CLE,True,Injured Reserve,Injured Reserve,Injured Reserve,Injured Reserve,Injured Reserve,Injured Reserve,Injured Reserve,Injured Reserve,Injured Reserve,Injured Reserve,Injured Reserve,Injured Reserve,Injured Reserve,Injured Reserve,Injured Reserve,Injured Reserve,Injured Reserve,Injured Reserve,Injured Reserve,Injured Reserve,Injured Reserve,Injured Reserve,Injured Reserve,Injured Reserve,Injured Reserve,Injured Reserve,Injured Reserve,Injured Reserve,Injured Reserve,Injured Reserve,False,True,31,0,Rashard Mendenhall
2009,2009-09-10,1,1,22.083,PIT,TEN,False,4,6,1.50,0,0,0,0,,0,0.0%,,0,0,,0,,0,0,0,,0,0,0,0,,,,,,,False,True,13,10,Rashard Mendenhall
2009,2009-09-20,2,2,22.093,PIT,CHI,False,3,39,13.00,0,1,1,13,13.00,0,100.0%,13.00,0,0,,0,,0,0,0,,0,0,0,0,,,,,,,True,False,14,17,Rashard Mendenhall
2009,2009-09-27,3,3,22.100,PIT,CIN,False,0,0,,0,0,0,0,,0,0.0%,,1,8,8.00,0,,0,0,0,,0,0,0,0,,,,,,,True,False,20,23,Rashard Mendenhall
2009,2009-10-04,4,4,22.107,PIT,SDG,True,29,165,5.69,2,2,2,26,13.00,0,100.0%,13.00,0,0,,0,,2,12,0,,0,0,0,0,,,,,,,False,True,38,28,Rashard Mendenhall
2009,2009-10-11,5,5,22.114,PIT,DET,True,15,77,5.13,1,2,2,16,8.00,0,100.0%,8.00,0,0,,0,,1,6,0,,0,1,0,0,,,,,,,True,True,28,20,Rashard Mendenhall
2009,2009-10-18,6,6,22.121,PIT,CLE,True,17,62,3.65,1,2,2,15,7.50,0,100.0%,7.50,0,0,,0,,1,6,1,1,0,0,0,0,,,,,,,False,True,27,14,Rashard Mendenhall
2009,2009-10-25,7,7,22.128,PIT,MIN,True,10,69,6.90,0,2,1,-1,-1.00,0,50.0%,-0.50,0,0,,0,,0,0,1,1,0,0,0,0,,,,,,,False,True,27,17,Rashard Mendenhall
2009,2009-11-09,8,9,22.143,PIT,DEN,True,22,155,7.05,0,1,1,9,9.00,0,100.0%,9.00,0,0,,0,,0,0,0,,0,0,0,0,,,,,,,True,True,28,10,Rashard Mendenhall
2009,2009-11-15,9,10,22.149,PIT,CIN,True,13,36,2.77,0,1,1,5,5.00,0,100.0%,5.00,0,0,,0,,0,0,0,,0,0,0,0,,,,,,,False,False,12,18,Rashard Mendenhall
2009,2009-11-22,10,11,22.156,PIT,KAN,True,21,80,3.81,0,5,4,36,9.00,1,80.0%,7.20,0,0,,0,,1,6,0,,0,0,0,0,,,,,,,True,False,24,27,Rashard Mendenhall
2009,2009-11-29,11,12,22.163,PIT,BAL,True,24,95,3.96,0,2,2,22,11.00,0,100.0%,11.00,0,0,,0,,0,0,0,,0,0,0,0,,,,,,,True,False,17,20,Rashard Mendenhall
2009,2009-12-06,12,13,22.170,PIT,OAK,True,20,103,5.15,1,0,0,0,,0,0.0%,,0,0,,0,,1,6,0,,0,0,0,0,,,,,,,False,False,24,27,Rashard Mendenhall
2009,2009-12-10,13,14,22.174,PIT,CLE,True,16,53,3.31,0,2,1,17,17.00,0,50.0%,8.50,0,0,,0,,0,0,0,,0,0,0,0,,,,,,,True,False,6,13,Rashard Mendenhall
2009,2009-12-20,14,15,22.184,PIT,GNB,True,11,38,3.45,1,6,6,73,12.17,0,100.0%,12.17,0,0,,0,,1,6,0,,0,0,0,0,,,,,,,False,True,37,36,Rashard Mendenhall
2009,2009-12-27,15,16,22.191,PIT,BAL,True,17,36,2.12,1,3,1,4,4.00,0,33.3%,1.33,0,0,,0,,1,6,1,1,0,0,0,0,,,,,,,False,True,23,20,Rashard Mendenhall
2009,2010-01-03,16,17,22.198,PIT,MIA,False,20,94,4.70,0,3,1,26,26.00,0,33.3%,8.67,0,0,,0,,0,0,0,,0,0,0,0,,,,,,,True,True,30,24,Rashard Mendenhall
2010,2010-09-12,1,1,23.085,PIT,ATL,True,22,120,5.45,1,2,2,15,7.50,0,100.0%,7.50,0,0,,0,,1,6,0,,0,0,0,0,,,,,,,False,True,15,9,Rashard Mendenhall
2010,2010-09-19,2,2,23.092,PIT,TEN,True,23,69,3.00,0,1,1,3,3.00,0,100.0%,3.00,0,0,,0,,0,0,0,,0,0,0,0,,,,,,,True,True,19,11,Rashard Mendenhall
2010,2010-09-26,3,3,23.099,PIT,TAM,True,19,143,7.53,1,0,0,0,,0,0.0%,,0,0,,0,,1,6,0,,0,0,0,0,,,,,,,True,True,38,13,Rashard Mendenhall
2010,2010-10-03,4,4,23.106,PIT,BAL,True,25,79,3.16,2,2,2,9,4.50,0,100.0%,4.50,0,0,,0,,2,12,0,,0,0,0,0,,,,,,,False,False,14,17,Rashard Mendenhall
2010,2010-10-17,5,6,23.120,PIT,CLE,True,27,84,3.11,1,4,3,15,5.00,0,75.0%,3.75,0,0,,0,,1,6,0,,0,0,0,0,,,,,,,False,True,28,10,Rashard Mendenhall
2010,2010-10-24,6,7,23.127,PIT,MIA,True,15,37,2.47,0,1,1,6,6.00,0,100.0%,6.00,0,0,,0,,0,0,0,,0,0,0,0,,,,,,,True,True,23,22,Rashard Mendenhall
2010,2010-10-31,7,8,23.134,PIT,NOR,True,15,71,4.73,1,3,2,14,7.00,0,66.7%,4.67,0,0,,0,,1,6,0,,0,0,0,0,,,,,,,True,False,10,20,Rashard Mendenhall
2010,2010-11-08,8,9,23.142,PIT,CIN,True,22,99,4.50,1,3,3,31,10.33,0,100.0%,10.33,0,0,,0,,1,6,0,,0,0,0,0,,,,,,,True,True,27,21,Rashard Mendenhall
2010,2010-11-14,9,10,23.148,PIT,NWE,True,11,50,4.55,0,3,2,5,2.50,0,66.7%,1.67,0,0,,0,,0,0,0,,0,0,0,0,,,,,,,False,False,26,39,Rashard Mendenhall
2010,2010-11-21,10,11,23.155,PIT,OAK,True,23,59,2.57,1,1,0,0,,0,0.0%,0.00,0,0,,0,,1,6,1,1,0,0,0,0,,,,,,,False,True,35,3,Rashard Mendenhall
2010,2010-11-28,11,12,23.162,PIT,BUF,True,36,151,4.19,1,1,0,0,,0,0.0%,0.00,0,0,,0,,1,6,1,1,0,0,0,0,,,,,,,True,True,19,16,Rashard Mendenhall
2010,2010-12-05,12,13,23.169,PIT,BAL,True,19,45,2.37,0,7,3,18,6.00,0,42.9%,2.57,0,0,,0,,0,0,0,,0,0,0,0,,,,,,,True,True,13,10,Rashard Mendenhall
2010,2010-12-12,13,14,23.176,PIT,CIN,True,18,66,3.67,0,2,1,9,9.00,0,50.0%,4.50,0,0,,0,,0,0,0,,0,0,0,0,,,,,,,False,True,23,7,Rashard Mendenhall
2010,2010-12-19,14,15,23.183,PIT,NYJ,True,17,99,5.82,1,1,0,0,,0,0.0%,0.00,0,0,,0,,1,6,0,,0,0,0,0,,,,,,,False,False,17,22,Rashard Mendenhall
2010,2010-12-23,15,16,23.187,PIT,CAR,True,18,65,3.61,1,2,2,18,9.00,0,100.0%,9.00,0,0,,0,,1,6,0,,0,0,0,0,,,,,,,False,True,27,3,Rashard Mendenhall
2010,2011-01-02,16,17,23.197,PIT,CLE,True,14,36,2.57,2,1,1,24,24.00,0,100.0%,24.00,0,0,,0,,2,12,0,,0,0,0,0,,,,,,,True,True,41,9,Rashard Mendenhall
2011,2011-09-11,1,1,24.084,PIT,BAL,True,12,45,3.75,0,1,0,0,,0,0.0%,0.00,0,0,,0,,0,0,1,1,0,0,0,0,,,,,,,True,False,7,35,Rashard Mendenhall
2011,2011-09-18,2,2,24.091,PIT,SEA,True,19,66,3.47,1,2,2,12,6.00,0,100.0%,6.00,0,0,,0,,1,6,0,,0,0,0,0,,,,,,,False,True,24,0,Rashard Mendenhall
2011,2011-09-25,3,3,24.098,PIT,IND,True,18,37,2.06,0,4,3,9,3.00,0,75.0%,2.25,0,0,,0,,0,0,0,,0,0,0,0,,,,,,,True,True,23,20,Rashard Mendenhall
2011,2011-10-02,4,4,24.105,PIT,HOU,True,9,25,2.78,1,2,0,0,,0,0.0%,0.00,0,0,,0,,1,6,0,,0,0,0,0,,,,,,,True,False,10,17,Rashard Mendenhall
2011,2011-10-09,5,5,,PIT,TEN,True,Did Not Play,Did Not Play,Did Not Play,Did Not Play,Did Not Play,Did Not Play,Did Not Play,Did Not Play,Did Not Play,Did Not Play,Did Not Play,Did Not Play,Did Not Play,Did Not Play,Did Not Play,Did Not Play,Did Not Play,Did Not Play,Did Not Play,Did Not Play,Did Not Play,Did Not Play,Did Not Play,Did Not Play,Did Not Play,Did Not Play,Did Not Play,Did Not Play,Did Not Play,Did Not Play,False,True,38,17,Rashard Mendenhall
2011,2011-10-16,6,6,24.119,PIT,JAX,True,23,146,6.35,1,0,0,0,,0,0.0%,,0,0,,0,,1,6,0,,0,0,0,0,,,,,,,False,True,17,13,Rashard Mendenhall
2011,2011-10-23,7,7,24.126,PIT,ARI,True,13,32,2.46,0,2,1,5,5.00,0,50.0%,2.50,0,0,,0,,0,0,0,,0,0,0,0,,,,,,,True,True,32,20,Rashard Mendenhall
2011,2011-10-30,8,8,24.133,PIT,NWE,True,13,70,5.38,0,4,3,22,7.33,0,75.0%,5.50,0,0,,0,,0,0,0,,0,0,0,0,,,,,,,False,True,25,17,Rashard Mendenhall
2011,2011-11-06,9,9,24.140,PIT,BAL,True,13,52,4.00,1,2,1,3,3.00,0,50.0%,1.50,0,0,,0,,1,6,0,,0,0,0,0,,,,,,,False,False,20,23,Rashard Mendenhall
2011,2011-11-13,10,10,24.147,PIT,CIN,True,16,44,2.75,2,3,1,26,26.00,0,33.3%,8.67,0,0,,0,,2,12,0,,0,0,0,0,,,,,,,True,True,24,17,Rashard Mendenhall
2011,2011-11-27,11,12,24.161,PIT,KAN,True,17,57,3.35,0,2,2,10,5.00,0,100.0%,5.00,0,0,,0,,0,0,0,,0,0,0,0,,,,,,,True,True,13,9,Rashard Mendenhall
2011,2011-12-04,12,13,24.168,PIT,CIN,True,16,60,3.75,2,0,0,0,,0,0.0%,,0,0,,0,,2,12,0,,0,0,0,0,,,,,,,False,True,35,7,Rashard Mendenhall
2011,2011-12-08,13,14,24.172,PIT,CLE,True,18,76,4.22,0,0,0,0,,0,0.0%,,0,0,,0,,0,0,0,,0,0,0,0,,,,,,,False,True,14,3,Rashard Mendenhall
2011,2011-12-19,14,15,24.183,PIT,SFO,True,15,64,4.27,0,4,3,25,8.33,0,75.0%,6.25,0,0,,0,,0,0,0,,0,0,0,0,,,,,,,True,False,3,20,Rashard Mendenhall
2011,2011-12-24,15,16,24.188,PIT,STL,True,18,116,6.44,1,1,1,35,35.00,0,100.0%,35.00,0,0,,0,,1,6,0,,0,0,0,0,,,,,,,False,True,27,0,Rashard Mendenhall
2011,2012-01-01,16,17,24.196,PIT,CLE,True,8,38,4.75,0,1,1,7,7.00,0,100.0%,7.00,0,0,,0,,0,0,0,,0,0,0,0,,,,,,,True,True,13,9,Rashard Mendenhall
2012,2012-09-09,1,1,,PIT,DEN,True,Inactive,Inactive,Inactive,Inactive,Inactive,Inactive,Inactive,Inactive,Inactive,Inactive,Inactive,Inactive,Inactive,Inactive,Inactive,Inactive,Inactive,Inactive,Inactive,Inactive,Inactive,Inactive,Inactive,Inactive,Inactive,Inactive,Inactive,Inactive,Inactive,Inactive,True,False,19,31,Rashard Mendenhall
2012,2012-09-16,2,2,,PIT,NYJ,True,Inactive,Inactive,Inactive,Inactive,Inactive,Inactive,Inactive,Inactive,Inactive,Inactive,Inactive,Inactive,Inactive,Inactive,Inactive,Inactive,Inactive,Inactive,Inactive,Inactive,Inactive,Inactive,Inactive,Inactive,Inactive,Inactive,Inactive,Inactive,Inactive,Inactive,False,True,27,10,Rashard Mendenhall
2012,2012-09-23,3,3,,PIT,OAK,True,Inactive,Inactive,Inactive,Inactive,Inactive,Inactive,Inactive,Inactive,Inactive,Inactive,Inactive,Inactive,Inactive,Inactive,Inactive,Inactive,Inactive,Inactive,Inactive,Inactive,Inactive,Inactive,Inactive,Inactive,Inactive,Inactive,Inactive,Inactive,Inactive,Inactive,True,False,31,34,Rashard Mendenhall
2012,2012-10-07,4,5,25.110,PIT,PHI,True,13,68,5.23,0,3,3,33,11.00,1,100.0%,11.00,0,0,,0,,1,6,1,0,0,0,0,0,22,30%,0,0%,0,0%,False,True,16,14,Rashard Mendenhall
2012,2012-10-11,5,6,25.114,PIT,TEN,True,6,6,1.00,0,1,1,11,11.00,0,100.0%,11.00,0,0,,0,,0,0,0,0,0,0,0,0,16,25%,0,0%,0,0%,True,False,23,26,Rashard Mendenhall
2012,2012-10-21,6,7,,PIT,CIN,True,Inactive,Inactive,Inactive,Inactive,Inactive,Inactive,Inactive,Inactive,Inactive,Inactive,Inactive,Inactive,Inactive,Inactive,Inactive,Inactive,Inactive,Inactive,Inactive,Inactive,Inactive,Inactive,Inactive,Inactive,Inactive,Inactive,Inactive,Inactive,Inactive,Inactive,True,True,24,17,Rashard Mendenhall
2012,2012-10-28,7,8,,PIT,WAS,True,Inactive,Inactive,Inactive,Inactive,Inactive,Inactive,Inactive,Inactive,Inactive,Inactive,Inactive,Inactive,Inactive,Inactive,Inactive,Inactive,Inactive,Inactive,Inactive,Inactive,Inactive,Inactive,Inactive,Inactive,Inactive,Inactive,Inactive,Inactive,Inactive,Inactive,False,True,27,12,Rashard Mendenhall
2012,2012-11-04,8,9,,PIT,NYG,True,Inactive,Inactive,Inactive,Inactive,Inactive,Inactive,Inactive,Inactive,Inactive,Inactive,Inactive,Inactive,Inactive,Inactive,Inactive,Inactive,Inactive,Inactive,Inactive,Inactive,Inactive,Inactive,Inactive,Inactive,Inactive,Inactive,Inactive,Inactive,Inactive,Inactive,True,True,24,20,Rashard Mendenhall
2012,2012-11-12,9,10,,PIT,KAN,True,Inactive,Inactive,Inactive,Inactive,Inactive,Inactive,Inactive,Inactive,Inactive,Inactive,Inactive,Inactive,Inactive,Inactive,Inactive,Inactive,Inactive,Inactive,Inactive,Inactive,Inactive,Inactive,Inactive,Inactive,Inactive,Inactive,Inactive,Inactive,Inactive,Inactive,False,True,16,13,Rashard Mendenhall
2012,2012-11-18,10,11,25.152,PIT,BAL,True,11,33,3.00,0,4,3,17,5.67,0,75.0%,4.25,0,0,,0,,0,0,0,0,0,0,0,0,29,40%,0,0%,0,0%,False,False,10,13,Rashard Mendenhall
2012,2012-11-25,11,12,25.159,PIT,CLE,True,4,6,1.50,0,0,0,0,,0,0.0%,,0,0,,0,,0,0,2,1,0,0,0,0,8,13%,0,0%,0,0%,True,False,14,20,Rashard Mendenhall
2012,2012-12-02,12,13,,PIT,BAL,True,Inactive,Inactive,Inactive,Inactive,Inactive,Inactive,Inactive,Inactive,Inactive,Inactive,Inactive,Inactive,Inactive,Inactive,Inactive,Inactive,Inactive,Inactive,Inactive,Inactive,Inactive,Inactive,Inactive,Inactive,Inactive,Inactive,Inactive,Inactive,Inactive,Inactive,True,True,23,20,Rashard Mendenhall
2012,2012-12-09,13,14,,PIT,SDG,True,Inactive,Inactive,Inactive,Inactive,Inactive,Inactive,Inactive,Inactive,Inactive,Inactive,Inactive,Inactive,Inactive,Inactive,Inactive,Inactive,Inactive,Inactive,Inactive,Inactive,Inactive,Inactive,Inactive,Inactive,Inactive,Inactive,Inactive,Inactive,Inactive,Inactive,False,False,24,34,Rashard Mendenhall
2012,2012-12-16,14,15,,PIT,DAL,True,Suspended,Suspended,Suspended,Suspended,Suspended,Suspended,Suspended,Suspended,Suspended,Suspended,Suspended,Suspended,Suspended,Suspended,Suspended,Suspended,Suspended,Suspended,Suspended,Suspended,Suspended,Suspended,Suspended,Suspended,Suspended,Suspended,Suspended,Suspended,Suspended,Suspended,True,False,24,27,Rashard Mendenhall
2012,2012-12-23,15,16,25.187,PIT,CIN,False,11,50,4.55,0,0,0,0,,0,0.0%,,0,0,,0,,0,0,0,0,0,0,0,0,16,25%,0,0%,0,0%,False,False,10,13,Rashard Mendenhall
2012,2012-12-30,16,17,25.194,PIT,CLE,False,6,19,3.17,0,2,2,1,0.50,0,100.0%,0.50,0,0,,0,,0,0,0,0,0,0,0,0,13,23%,0,0%,0,0%,False,True,24,10,Rashard Mendenhall
2013,2013-09-08,1,1,26.081,ARI,STL,True,16,60,3.75,0,1,1,4,4.00,0,100.0%,4.00,0,0,,0,,0,0,0,0,0,0,0,0,35,49%,0,0%,0,0%,True,False,24,27,Rashard Mendenhall
2013,2013-09-15,2,2,26.088,ARI,DET,True,15,66,4.40,1,2,2,28,14.00,0,100.0%,14.00,0,0,,0,,1,6,0,0,0,0,0,0,36,51%,0,0%,0,0%,False,True,25,21,Rashard Mendenhall
2013,2013-09-22,3,3,26.095,ARI,NOR,True,9,29,3.22,0,1,1,12,12.00,0,100.0%,12.00,0,0,,0,,0,0,0,0,0,0,0,0,23,40%,0,0%,0,0%,True,False,7,31,Rashard Mendenhall
2013,2013-09-29,4,4,26.102,ARI,TAM,True,12,21,1.75,0,4,3,13,4.33,0,75.0%,3.25,0,0,,0,,0,0,2,1,0,0,0,0,41,66%,0,0%,0,0%,True,True,13,10,Rashard Mendenhall
2013,2013-10-06,5,5,26.109,ARI,CAR,True,17,43,2.53,1,2,2,7,3.50,0,100.0%,3.50,0,0,,0,,1,6,0,0,0,0,0,0,30,48%,0,0%,0,0%,False,True,22,6,Rashard Mendenhall
2013,2013-10-13,6,6,26.116,ARI,SFO,True,10,40,4.00,0,1,1,2,2.00,0,100.0%,2.00,0,0,,0,,0,0,0,0,0,0,0,0,22,33%,0,0%,0,0%,True,False,20,32,Rashard Mendenhall
2013,2013-10-17,7,7,26.120,ARI,SEA,True,13,22,1.69,1,0,0,0,,0,0.0%,,0,0,,0,,1,6,0,0,0,0,0,0,24,32%,0,0%,0,0%,False,False,22,34,Rashard Mendenhall
2013,2013-10-27,8,8,,ARI,ATL,True,Inactive,Inactive,Inactive,Inactive,Inactive,Inactive,Inactive,Inactive,Inactive,Inactive,Inactive,Inactive,Inactive,Inactive,Inactive,Inactive,Inactive,Inactive,Inactive,Inactive,Inactive,Inactive,Inactive,Inactive,Inactive,Inactive,Inactive,Inactive,Inactive,Inactive,False,True,27,13,Rashard Mendenhall
2013,2013-11-10,9,10,26.144,ARI,HOU,True,13,42,3.23,0,1,1,9,9.00,0,100.0%,9.00,0,0,,0,,0,0,1,1,0,0,0,0,26,39%,0,0%,0,0%,False,True,27,24,Rashard Mendenhall
2013,2013-11-17,10,11,26.151,ARI,JAX,True,12,14,1.17,1,3,3,13,4.33,0,100.0%,4.33,0,0,,0,,1,6,0,0,0,0,0,0,35,51%,0,0%,0,0%,True,True,27,14,Rashard Mendenhall
2013,2013-11-24,11,12,26.158,ARI,IND,True,13,54,4.15,1,2,1,24,24.00,0,50.0%,12.00,0,0,,0,,1,6,0,0,0,0,0,0,30,40%,0,0%,0,0%,False,True,40,11,Rashard Mendenhall
2013,2013-12-01,12,13,26.165,ARI,PHI,True,18,76,4.22,0,0,0,0,,0,0.0%,,0,0,,0,,0,0,0,0,0,0,0,0,36,51%,0,0%,0,0%,True,False,21,24,Rashard Mendenhall
2013,2013-12-08,13,14,26.172,ARI,STL,True,17,41,2.41,1,0,0,0,,0,0.0%,,0,0,,0,,1,6,0,0,0,0,0,0,33,49%,0,0%,0,0%,False,True,30,10,Rashard Mendenhall
2013,2013-12-15,14,15,26.179,ARI,TEN,True,21,69,3.29,2,2,1,9,9.00,0,50.0%,4.50,0,0,,0,,2,12,0,0,0,0,0,0,31,46%,0,0%,0,0%,True,True,37,34,Rashard Mendenhall
2013,2013-12-22,15,16,26.186,ARI,SEA,True,21,63,3.00,0,0,0,0,,0,0.0%,,0,0,,0,1,0,2,0,0,0,0,0,0,31,41%,0,0%,0,0%,True,True,17,10,Rashard Mendenhall
2013,2013-12-29,16,17,26.193,ARI,SFO,True,10,47,4.70,0,2,2,13,6.50,0,100.0%,6.50,0,0,,0,,0,0,1,1,0,0,0,0,26,36%,0,0%,0,0%,False,False,20,23,Rashard Mendenhall
,72 Games,,,,,,False,1081,4236,3.92,37,128,95,795,8.37,2,74.2%,6.21,7,123,17.57,0,1,39,236,13,10,0,1,0,0,,,,,,,False,False,26,0,Rashard Mendenhall
